﻿<?xml version="1.0" encoding="utf-8"?>
<Project>
  <TemplateObjectList>
    <TemplateObject objectName="攻击者" id="0" isTemp="false" />
    <TemplateObject objectName="target" id="1" isTemp="false" />
    <TemplateObject objectName="bullet" id="2" isTemp="true" />
    <TemplateObject objectName="bullet1" id="3" isTemp="true" />
  </TemplateObjectList>
  <RefParamList>
    <String name="BulletPrefab" value="" refParamName="" useRefParam="false" />
    <uint name="141a1b1" value="0" refParamName="" useRefParam="false" />
  </RefParamList>
  <Action tag="" length="5.000" loop="false">
    <Track trackName="SpawnLiteObjDuration0" eventType="SpawnLiteObjDuration" guid="c890e4ed-8300-4e21-8d66-757283ec3cc0" enabled="true" refParamName="" useRefParam="false" r="0.417" g="0.000" b="1.000" execOnForceStopped="false" execOnActionCompleted="false" stopAfterLastEvent="true">
      <Event eventName="SpawnLiteObjDuration" time="0.000" length="3.000" isDuration="true">
        <String name="OutputLiteBulletName" value="141a1b1" refParamName="" useRefParam="false" />
        <uint name="ConfigID" value="14100" refParamName="" useRefParam="false" />
        <TemplateObject name="ReferenceID" objectName="攻击者" id="0" isTemp="false" refParamName="" useRefParam="false" />
        <TemplateObject name="TargetID" objectName="target" id="1" isTemp="false" refParamName="" useRefParam="false" />
        <Vector3i name="TargetPos" x="0" y="0" z="0" refParamName="" useRefParam="false" />
        <Vector3i name="TargetDir" x="0" y="0" z="0" refParamName="" useRefParam="false" />
      </Event>
    </Track>
    <Track trackName="HitTriggerTick0" eventType="HitTriggerTick" guid="b0c8405b-3ea3-4669-ae2b-e6248ef7ecb8" enabled="true" lod="0" useRefParam="false" refParamName="" r="0.317" g="1.000" b="0.000" execOnForceStopped="false" execOnActionCompleted="false" stopAfterLastEvent="true">
      <Condition id="0" guid="c890e4ed-8300-4e21-8d66-757283ec3cc0" status="true" />
      <Event eventName="HitTriggerTick" time="0.000" isDuration="false">
        <TemplateObject name="targetId" objectName="攻击者" id="0" isTemp="false" refParamName="" useRefParam="false" />
        <TemplateObject name="triggerId" objectName="None" id="-1" isTemp="false" refParamName="" useRefParam="false" />
        <bool name="bulletHit" value="false" refParamName="" useRefParam="false" />
        <TemplateObject name="victimId" objectName="None" id="-1" isTemp="false" refParamName="" useRefParam="false" />
        <bool name="lastHit" value="true" refParamName="" useRefParam="false" />
        <int name="SelfSkillCombineID_1" value="0" refParamName="" useRefParam="false" />
        <int name="SelfSkillCombineID_2" value="0" refParamName="" useRefParam="false" />
        <int name="SelfSkillCombineID_3" value="0" refParamName="" useRefParam="false" />
        <int name="TargetSkillCombine_1" value="141000" refParamName="" useRefParam="false" />
        <int name="TargetSkillCombine_2" value="0" refParamName="" useRefParam="false" />
        <int name="TargetSkillCombine_3" value="0" refParamName="" useRefParam="false" />
      </Event>
    </Track>
    <Track trackName="StopTrack1" eventType="StopTrack" guid="4ce273d3-51d6-4fe0-8fbe-1ff46fefa576" enabled="true" lod="0" useRefParam="false" refParamName="" r="0.100" g="1.000" b="0.000" execOnForceStopped="false" execOnActionCompleted="false" stopAfterLastEvent="true">
      <Condition id="0" guid="c890e4ed-8300-4e21-8d66-757283ec3cc0" status="true" />
      <Event eventName="StopTrack" time="0.000" isDuration="false">
        <TrackObject name="trackId" id="0" guid="c890e4ed-8300-4e21-8d66-757283ec3cc0" refParamName="" useRefParam="false" />
      </Event>
    </Track>
  </Action>
</Project>