﻿<?xml version="1.0" encoding="utf-8"?>
<Project>
	<TemplateObjectList>
		<TemplateObject objectName="self" id="0" isTemp="false" />
		<TemplateObject objectName="target" id="1" isTemp="false" />
	</TemplateObjectList>
	<RefParamList>
		<Vector3i name="_BulletDir" x="0" y="0" z="0" refParamName="" useRefParam="false" />
	</RefParamList>
	<Action tag="" length="0.500" loop="false">
		<Track trackName="SetBehaviourModeTick0" eventType="SetBehaviourModeTick" guid="21fe3434-5d43-4606-9c78-b2051bba9f0a" enabled="true" useRefParam="false" refParamName="" r="0.000" g="1.000" b="0.217" execOnForceStopped="false" execOnActionCompleted="false" stopAfterLastEvent="true">
			<Event eventName="SetBehaviourModeTick" time="0.000" isDuration="false">
				<TemplateObject name="targetId" objectName="target" id="1" isTemp="false" refParamName="" useRefParam="false" />
				<bool name="stopMove" value="true" refParamName="" useRefParam="false" />
				<bool name="clearMove" value="false" refParamName="" useRefParam="false" />
				<bool name="stopCurSkill" value="false" refParamName="" useRefParam="false" />
				<bool name="delayStopCurSkill" value="true" refParamName="" useRefParam="false" />
				<bool name="deadControl" value="false" refParamName="" useRefParam="false" />
			</Event>
		</Track>
		<Track trackName="SkillFuncInstant0" eventType="SkillFuncInstant" guid="a0fe51aa-365a-4334-a4be-1848f2ff99d5" enabled="true" useRefParam="false" refParamName="" r="1.000" g="0.000" b="0.083" execOnForceStopped="false" execOnActionCompleted="false" stopAfterLastEvent="true">
			<Event eventName="SkillFuncInstant" time="0.000" isDuration="false">
				<Enum name="SkillFuncType" value="1" refParamName="" useRefParam="false">
					<uint name="物理伤害" />
					<uint name="法术伤害" />
					<uint name="真实伤害" />
					<uint name="回复生命值" />
					<uint name="增加攻击速度" />
					<uint name="减少攻击速度" />
					<uint name="增加移动速度" />
					<uint name="减少移动速度" />
					<uint name="提高攻击力" />
					<uint name="降低攻击力" />
					<uint name="吸血" />
				</Enum>
			</Event>
		</Track>
		<Track trackName="PlayAnimDuration0" eventType="PlayAnimDuration" guid="fccf92d7-a5d8-43d0-a207-46040735b682" enabled="true" useRefParam="false" refParamName="" r="1.000" g="0.200" b="0.000" execOnForceStopped="false" execOnActionCompleted="false" stopAfterLastEvent="true">
			<Event eventName="PlayAnimDuration" time="0.000" length="0.500" isDuration="true">
				<TemplateObject name="targetId" objectName="target" id="1" isTemp="false" refParamName="" useRefParam="false" />
				<String name="clipName" value="Stun" refParamName="" useRefParam="false" />
				<int name="layer" value="5" refParamName="" useRefParam="false" />
				<bool name="bLoop" value="false" refParamName="" useRefParam="false" />
				<float name="crossFadeTime" value="0.100" refParamName="" useRefParam="false" />
				<float name="startTime" value="0.000" refParamName="" useRefParam="false" />
				<float name="endTime" value="99999.000" refParamName="" useRefParam="false" />
				<bool name="applyActionSpeed" value="false" refParamName="" useRefParam="false" />
				<bool name="playNextAnim" value="true" refParamName="" useRefParam="false" />
				<bool name="alwaysAnimate" value="false" refParamName="" useRefParam="false" />
			</Event>
		</Track>
		<Track trackName="ForbidAbilityDuration0" eventType="ForbidAbilityDuration" guid="539862af-30e8-416b-82ba-3635f609444e" enabled="true" useRefParam="false" refParamName="" r="0.000" g="1.000" b="0.117" execOnForceStopped="false" execOnActionCompleted="false" stopAfterLastEvent="true">
			<Event eventName="ForbidAbilityDuration" time="0.000" length="0.500" isDuration="true">
				<TemplateObject name="attackerId" objectName="target" id="1" isTemp="false" refParamName="" useRefParam="false" />
				<bool name="forbidMove" value="true" refParamName="" useRefParam="false" />
				<bool name="forbidSkill" value="true" refParamName="" useRefParam="false" />
				<bool name="forceForbidding" value="false" refParamName="" useRefParam="false" />
				<bool name="forbidFilterSkill0" value="false" refParamName="" useRefParam="false" />
				<bool name="forbidFilterSkill1" value="false" refParamName="" useRefParam="false" />
				<bool name="forbidFilterSkill2" value="false" refParamName="" useRefParam="false" />
				<bool name="forbidFilterSkill3" value="false" refParamName="" useRefParam="false" />
				<bool name="forbidFilterSkill4" value="false" refParamName="" useRefParam="false" />
				<bool name="forbidFilterSkill5" value="false" refParamName="" useRefParam="false" />
				<bool name="forbidFilterSkill6" value="false" refParamName="" useRefParam="false" />
				<bool name="forbidFilterSkill7" value="false" refParamName="" useRefParam="false" />
				<bool name="forbidFilterSkillEX3" value="false" refParamName="" useRefParam="false" />
				<bool name="forbidFilterSkill9" value="false" refParamName="" useRefParam="false" />
				<bool name="forbidFilterJointSkill" value="false" refParamName="" useRefParam="false" />
				<bool name="forbidSkillAbort" value="false" refParamName="" useRefParam="false" />
				<bool name="abortFilterSkill0" value="false" refParamName="" useRefParam="false" />
				<bool name="abortFilterSkill1" value="false" refParamName="" useRefParam="false" />
				<bool name="abortFilterSkill2" value="false" refParamName="" useRefParam="false" />
				<bool name="abortFilterSkill3" value="false" refParamName="" useRefParam="false" />
				<bool name="abortFilterSkillEX3" value="false" refParamName="" useRefParam="false" />
				<bool name="abortFilterSkill4" value="false" refParamName="" useRefParam="false" />
				<bool name="abortFilterSkill5" value="false" refParamName="" useRefParam="false" />
				<bool name="abortFilterSkill7" value="false" refParamName="" useRefParam="false" />
				<bool name="abortFilterSkill9" value="false" refParamName="" useRefParam="false" />
				<bool name="abortFilterMove" value="false" refParamName="" useRefParam="false" />
				<bool name="abortFilterDamage" value="false" refParamName="" useRefParam="false" />
				<bool name="forbidMoveRotate" value="true" refParamName="" useRefParam="false" />
				<bool name="delaySkillAbort" value="false" refParamName="" useRefParam="false" />
				<bool name="ImmuneNegative" value="false" refParamName="" useRefParam="false" />
				<bool name="ImmuneControl" value="false" refParamName="" useRefParam="false" />
				<bool name="forbidEnergyRecover" value="false" refParamName="" useRefParam="false" />
				<bool name="forbidCollisionDetection" value="false" refParamName="" useRefParam="false" />
			</Event>
		</Track>
		<Track trackName="TriggerParticle4" eventType="TriggerParticle" guid="cb642c3e-6b4f-4a54-8275-876dc7d26cf9" enabled="true" useRefParam="false" refParamName="" r="0.050" g="1.000" b="0.000" execOnForceStopped="false" execOnActionCompleted="false" stopAfterLastEvent="true">
			<Event eventName="TriggerParticle" time="0.000" length="0.500" isDuration="true">
				<TemplateObject name="targetId" objectName="target" id="1" isTemp="false" refParamName="" useRefParam="false" />
				<TemplateObject name="objectSpaceId" objectName="target" id="1" isTemp="false" refParamName="" useRefParam="false" />
				<TemplateObject name="VirtualAttachBulletId" objectName="None" id="-1" isTemp="false" refParamName="" useRefParam="false" />
				<String name="resourceName" value="prefab_skill_effects/tongyong_effects/ui_fx/xuanyun_tongyong_01" refParamName="" useRefParam="false" />
				<String name="bindPointName" value="" refParamName="" useRefParam="false" />
				<Vector3 name="bindPosOffset" x="0.000" y="2.000" z="0.000" refParamName="" useRefParam="false" />
				<EulerAngle name="bindRotOffset" x="0.000" y="0.000" z="0.000" refParamName="" useRefParam="false" />
				<Vector3 name="scaling" x="1.000" y="1.000" z="1.000" refParamName="" useRefParam="false" />
				<bool name="bEnableOptCull" value="true" refParamName="" useRefParam="false" />
				<bool name="enableLayer" value="false" refParamName="" useRefParam="false" />
				<bool name="bBulletPos" value="false" refParamName="" useRefParam="false" />
				<bool name="bBulletDir" value="false" refParamName="" useRefParam="false" />
				<bool name="bBullerPosDir" value="false" refParamName="" useRefParam="false" />
				<int name="layer" value="0" refParamName="" useRefParam="false" />
				<bool name="enableTag" value="false" refParamName="" useRefParam="false" />
				<String name="tag" value="" refParamName="" useRefParam="false" />
				<bool name="applyActionSpeedToParticle" value="true" refParamName="" useRefParam="false" />
				<int name="extend" value="10" refParamName="" useRefParam="false" />
				<bool name="bOnlyFollowPos" value="false" refParamName="" useRefParam="false" />
				<bool name="bUseSkin" value="true" refParamName="" useRefParam="false" />
				<int name="iDelayDisappearTime" value="0" refParamName="" useRefParam="false" />
				<int name="particleScaleGrow" value="0" refParamName="" useRefParam="false" />
			</Event>
		</Track>
		<Track trackName="PickFlyDuration0" eventType="PickFlyDuration" guid="fbe5752f-74ad-4db5-97f8-608ab36bdd73" enabled="true" useRefParam="false" refParamName="" r="0.217" g="0.000" b="1.000" execOnForceStopped="false" execOnActionCompleted="false" stopAfterLastEvent="true">
			<Event eventName="PickFlyDuration" time="0.000" length="0.500" isDuration="true">
				<TemplateObject name="targetId" objectName="target" id="1" isTemp="false" refParamName="" useRefParam="false" />
				<int name="gravity" value="-75" refParamName="" useRefParam="false" />
			</Event>
		</Track>
		<Track trackName="BeatBackDuration0" eventType="BeatBackDuration" guid="3963843f-e70f-42ca-a156-fcc2901558e9" enabled="false" useRefParam="false" refParamName="" r="1.000" g="0.800" b="0.000" execOnForceStopped="false" execOnActionCompleted="false" stopAfterLastEvent="true">
			<Event eventName="BeatBackDuration" time="0.000" length="0.500" isDuration="true">
				<Vector3i name="attackerPos" x="0" y="0" z="0" refParamName="" useRefParam="false" />
				<TemplateObject name="attackerId" objectName="self" id="0" isTemp="false" refParamName="" useRefParam="false" />
				<TemplateObject name="targetId" objectName="target" id="1" isTemp="false" refParamName="" useRefParam="false" />
				<int name="initSpeed" value="5000" refParamName="" useRefParam="false" />
				<int name="accelerateSpeed" value="-1" refParamName="" useRefParam="false" />
				<bool name="enableRotate" value="true" refParamName="" useRefParam="false" />
				<int name="rotationTime" value="0" refParamName="" useRefParam="false" />
				<Enum name="dirType" value="2" refParamName="" useRefParam="false">
					<uint name="位置朝向" />
					<uint name="攻击者朝向" />
					<uint name="技能朝向" />
				</Enum>
				<int name="dirAngle" value="90" refParamName="" useRefParam="false" />
				<int name="atteDistance" value="0" refParamName="" useRefParam="false" />
				<Enum name="checkType" value="2" refParamName="" useRefParam="false">
					<uint name="碰到阻挡" />
					<uint name="击飞运动结束" />
					<uint name="击飞结束（包括异常和碰到阻挡）" />
				</Enum>
			</Event>
		</Track>
	</Action>
</Project>