<?xml version="1.0" encoding="utf-8"?>
<Project>
	<TemplateObjectList>
		<TemplateObject objectName="self" id="0" isTemp="false"/>
		<TemplateObject objectName="target" id="1" isTemp="false"/>
	</TemplateObjectList>
	<RefParamList/>
	<Action tag="" length="0.200" loop="false">
		<Track trackName="CheckConditionDuration0" eventType="CheckConditionDuration" guid="01922440-eb32-4e02-9f78-790fa7f23f1d" enabled="true" useRefParam="false" refParamName="" r="0.000" g="0.450" b="1.000" execOnForceStopped="false" execOnActionCompleted="false" stopAfterLastEvent="true">
			<Event eventName="CheckConditionDuration" time="0.000" length="0.200" isDuration="true">
				<TrackObject name="trackId" id="-1" guid="00000000-0000-0000-0000-000000000000" refParamName="" useRefParam="false"/>
				<bool name="bHitTargetHero" value="false" refParamName="" useRefParam="false"/>
				<bool name="bTriggerBullet" value="false" refParamName="" useRefParam="false"/>
				<TemplateObject name="targetId" objectName="target" id="1" isTemp="false" refParamName="" useRefParam="false"/>
				<bool name="bActorDead" value="false" refParamName="" useRefParam="false"/>
				<bool name="bActorAlive" value="false" refParamName="" useRefParam="false"/>
				<bool name="bActorFlying" value="false" refParamName="" useRefParam="false"/>
				<bool name="bActorBeControled" value="false" refParamName="" useRefParam="false"/>
				<bool name="bActorSlowdown" value="false" refParamName="" useRefParam="false"/>
				<bool name="bActorInBattle" value="false" refParamName="" useRefParam="false"/>
				<bool name="bActorExitBattle" value="false" refParamName="" useRefParam="false"/>
				<bool name="bActorImmuControl" value="false" refParamName="" useRefParam="false"/>
				<bool name="bActorNotImmuControl" value="true" refParamName="" useRefParam="false"/>
				<bool name="bActorLowestCoin" value="false" refParamName="" useRefParam="false"/>
				<bool name="bActorLowestExp" value="false" refParamName="" useRefParam="false"/>
			</Event>
		</Track>
		<Track trackName="CheckSkillCombineConditionTick0" eventType="CheckSkillCombineConditionTick" guid="9acebaea-5e6f-478b-bf6e-5d2791a61cfb" enabled="true" useRefParam="false" refParamName="" r="0.133" g="1.000" b="0.000" execOnForceStopped="false" execOnActionCompleted="false" stopAfterLastEvent="true">
			<Condition id="0" guid="01922440-eb32-4e02-9f78-790fa7f23f1d" status="true"/>
			<Event eventName="CheckSkillCombineConditionTick" time="0.000" isDuration="false">
				<TemplateObject name="targetId" objectName="target" id="1" isTemp="false" refParamName="" useRefParam="false"/>
				<int name="skillCombineId" value="509307" refParamName="" useRefParam="false"/>
				<Enum name="checkOPType" value="5" refParamName="" useRefParam="false">
					<uint name="不比较"/>
					<uint name="小于"/>
					<uint name="小等于"/>
					<uint name="等于"/>
					<uint name="大于"/>
					<uint name="大等于"/>
				</Enum>
				<int name="skillCombineLevel" value="8" refParamName="" useRefParam="false"/>
				<bool name="bCheckSkillMark" value="false" refParamName="" useRefParam="false"/>
			</Event>
		</Track>
		<Track trackName="HitTriggerTick0" eventType="HitTriggerTick" guid="c2d65d1a-335b-4a29-a70e-cc7c90c0e1fc" enabled="true" useRefParam="false" refParamName="" r="0.000" g="1.000" b="0.333" execOnForceStopped="false" execOnActionCompleted="false" stopAfterLastEvent="true">
			<Condition id="1" guid="9acebaea-5e6f-478b-bf6e-5d2791a61cfb" status="true"/>
			<Event eventName="HitTriggerTick" time="0.000" isDuration="false">
				<TemplateObject name="targetId" objectName="self" id="0" isTemp="false" refParamName="" useRefParam="false"/>
				<TemplateObject name="hitTargetId" objectName="target" id="1" isTemp="false" refParamName="" useRefParam="false"/>
				<bool name="bulletHit" value="false" refParamName="" useRefParam="false"/>
				<TemplateObject name="victimId" objectName="None" id="-1" isTemp="false" refParamName="" useRefParam="false"/>
				<bool name="lastHit" value="false" refParamName="" useRefParam="false"/>
				<bool name="bSkillCombineChoose" value="false" refParamName="" useRefParam="false"/>
				<int name="SelfSkillCombineID_1" value="0" refParamName="" useRefParam="false"/>
				<int name="SelfSkillCombineID_2" value="0" refParamName="" useRefParam="false"/>
				<int name="SelfSkillCombineID_3" value="0" refParamName="" useRefParam="false"/>
				<int name="SelfSkillCombineID1Probability" value="0" refParamName="" useRefParam="false"/>
				<int name="SelfSkillCombineID2Probability" value="0" refParamName="" useRefParam="false"/>
				<int name="SelfSkillCombineID3Probability" value="0" refParamName="" useRefParam="false"/>
				<int name="TargetSkillCombine_1" value="509305" refParamName="" useRefParam="false"/>
				<int name="TargetSkillCombine_2" value="0" refParamName="" useRefParam="false"/>
				<int name="TargetSkillCombine_3" value="0" refParamName="" useRefParam="false"/>
				<int name="TargetSkillCombineID1Probability" value="0" refParamName="" useRefParam="false"/>
				<int name="TargetSkillCombineID2Probability" value="0" refParamName="" useRefParam="false"/>
				<int name="TargetSkillCombineID3Probability" value="0" refParamName="" useRefParam="false"/>
				<bool name="bCheckSight" value="false" refParamName="" useRefParam="false"/>
				<bool name="bCheckSkillLevel" value="false" refParamName="" useRefParam="false"/>
				<Enum name="refSkillSlot" value="1" refParamName="" useRefParam="false">
					<uint name="普攻"/>
					<uint name="技能1"/>
					<uint name="技能2"/>
					<uint name="技能3"/>
					<uint name="技能4"/>
					<uint name="天赋技能"/>
					<uint name="老板是贾基"/>
					<uint name="回城"/>
					<uint name="饰品栏技能"/>
					<uint name=""/>
				</Enum>
				<int name="refSkillLevel" value="0" refParamName="" useRefParam="false"/>
				<Enum name="compareOPType" value="3" refParamName="" useRefParam="false">
					<uint name="不比较"/>
					<uint name="小于"/>
					<uint name="小等于"/>
					<uint name="等于"/>
					<uint name="大于"/>
					<uint name="大等于"/>
					<uint name=""/>
				</Enum>
				<TemplateObject name="triggerId" objectName="None" id="-1" isTemp="false" refParamName="" useRefParam="false"/>
				<bool name="bExtraBuff" value="false" refParamName="" useRefParam="false"/>
				<bool name="bOverrideParam" value="false" refParamName="" useRefParam="false"/>
				<int name="buffOverrideParam1" value="0" refParamName="" useRefParam="false"/>
				<int name="buffOverrideParam2" value="0" refParamName="" useRefParam="false"/>
				<int name="buffOverrideParam3" value="0" refParamName="" useRefParam="false"/>
				<int name="buffOverrideParam4" value="0" refParamName="" useRefParam="false"/>
				<int name="buffOverrideParam5" value="0" refParamName="" useRefParam="false"/>
				<TemplateObject name="paramTargetId" objectName="None" id="-1" isTemp="false" refParamName="" useRefParam="false"/>
				<TemplateObject name="paramTargetId2" objectName="None" id="-1" isTemp="false" refParamName="" useRefParam="false"/>
			</Event>
		</Track>
		<Track trackName="RemoveBuffTick0" eventType="RemoveBuffTick" guid="075c5598-8dfb-467e-8a70-5e5041c6b61c" enabled="true" useRefParam="false" refParamName="" r="0.950" g="1.000" b="0.000" execOnForceStopped="false" execOnActionCompleted="false" stopAfterLastEvent="true">
			<Condition id="1" guid="9acebaea-5e6f-478b-bf6e-5d2791a61cfb" status="true"/>
			<Event eventName="RemoveBuffTick" time="0.000" isDuration="false">
				<TemplateObject name="targetId" objectName="target" id="1" isTemp="false" refParamName="" useRefParam="false"/>
				<int name="buffId" value="509307" refParamName="" useRefParam="false"/>
				<bool name="bAllControlBuff" value="false" refParamName="" useRefParam="false"/>
				<bool name="bAllNagativeBuff" value="false" refParamName="" useRefParam="false"/>
				<bool name="bAllPositiveBuff" value="false" refParamName="" useRefParam="false"/>
			</Event>
		</Track>
	</Action>
</Project>

