<?xml version="1.0" encoding="utf-8"?>
<Project>
	<TemplateObjectList>
		<TemplateObject objectName="self" id="0" isTemp="false"/>
		<TemplateObject objectName="hero" id="1" isTemp="false"/>
		<TemplateObject objectName="monster" id="2" isTemp="false"/>
		<TemplateObject objectName="bullet" id="3" isTemp="true"/>
	</TemplateObjectList>
	<RefParamList/>
	<Action tag="" length="2.000" loop="false">
		<Track trackName="CallMonsterTick1" eventType="CallMonsterTick" guid="0e0d9882-1ecd-422b-a143-9776580d3fed" enabled="true" useRefParam="false" refParamName="" r="0.700" g="0.000" b="1.000" execOnForceStopped="false" execOnActionCompleted="false" stopAfterLastEvent="true">
			<Event eventName="CallMonsterTick" time="0.700" isDuration="false">
				<TemplateObject name="TargetId" objectName="self" id="0" isTemp="false" refParamName="" useRefParam="false"/>
				<TemplateObject name="MonserId" objectName="monster" id="2" isTemp="false" refParamName="" useRefParam="false"/>
				<Enum name="MonsterTagType" value="1" refParamName="" useRefParam="false">
					<uint name="没有特殊Tag"/>
					<uint name="526英雄的宠物"/>
					<uint name="137英雄的灵体"/>
				</Enum>
				<int name="ConfigID" value="526" refParamName="" useRefParam="false"/>
				<bool name="UseParentSpawnGroupId" value="true" refParamName="" useRefParam="false"/>
				<Enum name="CampType" value="0" refParamName="" useRefParam="false">
					<uint name="己方"/>
					<uint name="敌方"/>
					<uint name="中立"/>
					<uint name="Action的target方"/>
				</Enum>
				<bool name="Invincible" value="false" refParamName="" useRefParam="false"/>
				<bool name="Moveable" value="true" refParamName="" useRefParam="false"/>
				<int name="LifeTime" value="7200000" refParamName="" useRefParam="false"/>
				<bool name="bCopyedHeroInfo" value="false" refParamName="" useRefParam="false"/>
				<bool name="bDrageToHostWhenTooFarAway" value="false" refParamName="" useRefParam="false"/>
				<String name="DragToHostWhenTooFarAwayEventName" value="BackToHero" refParamName="" useRefParam="false"/>
				<int name="monsterReturnDistance" value="12000" refParamName="" useRefParam="false"/>
				<bool name="bExecuteEvenInDeath" value="false" refParamName="" useRefParam="false"/>
				<bool name="bSuicideWhenHostDead" value="false" refParamName="" useRefParam="false"/>
				<bool name="bInitialVisibility" value="true" refParamName="" useRefParam="false"/>
				<int name="WayPointId" value="-1" refParamName="" useRefParam="false"/>
				<Enum name="WayPointCampType" value="0" refParamName="" useRefParam="false">
					<uint name="originator己方"/>
					<uint name="originator敌方"/>
					<uint name="target己方"/>
					<uint name="target敌方"/>
					<uint name="中立方"/>
				</Enum>
				<Enum name="wayPointHolderFuncProxy" value="0" refParamName="" useRefParam="false">
					<uint name="Normal(英雄小兵使用的)"/>
					<uint name="RiverGhost(河道幽灵使用的)"/>
				</Enum>
				<bool name="bIgnoreLevel" value="true" refParamName="" useRefParam="false"/>
				<TemplateObject name="objectSpaceId" objectName="self" id="0" isTemp="false" refParamName="" useRefParam="false"/>
				<bool name="bTargetPosition" value="false" refParamName="" useRefParam="false"/>
				<Vector3i name="targetPosition" x="0" y="0" z="2000" refParamName="" useRefParam="false"/>
				<bool name="modifyTranslation" value="true" refParamName="" useRefParam="false"/>
				<Vector3i name="translation" x="0" y="0" z="-7500" refParamName="" useRefParam="false"/>
			</Event>
		</Track>
		<Track trackName="SaveActorDuration0" eventType="SaveActorDuration" guid="832b331c-2660-4d23-91cc-9634c1b41c9d" enabled="true" useRefParam="false" refParamName="" r="0.000" g="1.000" b="0.867" execOnForceStopped="false" execOnActionCompleted="false" stopAfterLastEvent="true">
			<Event eventName="SaveActorDuration" time="0.700" length="1.122" isDuration="true">
				<String name="actorName" value="526pet" refParamName="" useRefParam="false"/>
				<TemplateObject name="SetActorId" objectName="monster" id="2" isTemp="false" refParamName="" useRefParam="false"/>
				<Enum name="objectType" value="0" refParamName="" useRefParam="false">
					<uint name="单位"/>
					<uint name="整数"/>
					<uint name="布尔"/>
					<uint name="字符串"/>
					<uint name="向量"/>
				</Enum>
				<bool name="bGlobal" value="false" refParamName="" useRefParam="false"/>
				<int name="iValue" value="0" refParamName="" useRefParam="false"/>
				<bool name="bValue" value="false" refParamName="" useRefParam="false"/>
				<String name="strValue" value="" refParamName="" useRefParam="false"/>
				<Vector3i name="vecValue" x="0" y="0" z="0" refParamName="" useRefParam="false"/>
				<bool name="bKeepUpdateValue" value="false" refParamName="" useRefParam="false"/>
			</Event>
		</Track>
		<Track trackName="宠物出生动画" eventType="HitTriggerTick" guid="4d2e1518-e777-417c-8736-9f5b59d10308" enabled="true" useRefParam="false" refParamName="" r="0.000" g="0.600" b="1.000" execOnForceStopped="false" execOnActionCompleted="false" stopAfterLastEvent="true">
			<Event eventName="HitTriggerTick" time="0.700" isDuration="false">
				<TemplateObject name="targetId" objectName="self" id="0" isTemp="false" refParamName="" useRefParam="false"/>
				<TemplateObject name="hitTargetId" objectName="monster" id="2" isTemp="false" refParamName="" useRefParam="false"/>
				<bool name="bulletHit" value="false" refParamName="" useRefParam="false"/>
				<TemplateObject name="victimId" objectName="None" id="-1" isTemp="false" refParamName="" useRefParam="false"/>
				<bool name="lastHit" value="false" refParamName="" useRefParam="false"/>
				<bool name="bSkillCombineChoose" value="false" refParamName="" useRefParam="false"/>
				<int name="SelfSkillCombineID_1" value="0" refParamName="" useRefParam="false"/>
				<int name="SelfSkillCombineID_2" value="0" refParamName="" useRefParam="false"/>
				<int name="SelfSkillCombineID_3" value="0" refParamName="" useRefParam="false"/>
				<int name="SelfSkillCombineID1Probability" value="0" refParamName="" useRefParam="false"/>
				<int name="SelfSkillCombineID2Probability" value="0" refParamName="" useRefParam="false"/>
				<int name="SelfSkillCombineID3Probability" value="0" refParamName="" useRefParam="false"/>
				<int name="TargetSkillCombine_1" value="0" refParamName="" useRefParam="false"/>
				<int name="TargetSkillCombine_2" value="66526893" refParamName="" useRefParam="false"/>
				<int name="TargetSkillCombine_3" value="66526905" refParamName="" useRefParam="false"/>
				<int name="TargetSkillCombineID1Probability" value="0" refParamName="" useRefParam="false"/>
				<int name="TargetSkillCombineID2Probability" value="0" refParamName="" useRefParam="false"/>
				<int name="TargetSkillCombineID3Probability" value="0" refParamName="" useRefParam="false"/>
				<bool name="bCheckSight" value="false" refParamName="" useRefParam="false"/>
				<bool name="bCheckSkillLevel" value="false" refParamName="" useRefParam="false"/>
				<Enum name="refSkillSlot" value="1" refParamName="" useRefParam="false">
					<uint name="普攻"/>
					<uint name="技能1"/>
					<uint name="技能2"/>
					<uint name="技能3"/>
					<uint name="技能4"/>
					<uint name="天赋技能"/>
					<uint name="老板是贾基"/>
					<uint name="回城"/>
					<uint name="饰品栏技能"/>
					<uint name=""/>
				</Enum>
				<int name="refSkillLevel" value="0" refParamName="" useRefParam="false"/>
				<Enum name="compareOPType" value="3" refParamName="" useRefParam="false">
					<uint name="不比较"/>
					<uint name="小于"/>
					<uint name="小等于"/>
					<uint name="等于"/>
					<uint name="大于"/>
					<uint name="大等于"/>
					<uint name=""/>
				</Enum>
				<TemplateObject name="triggerId" objectName="None" id="-1" isTemp="false" refParamName="" useRefParam="false"/>
				<bool name="bExtraBuff" value="false" refParamName="" useRefParam="false"/>
				<bool name="bOverrideParam" value="false" refParamName="" useRefParam="false"/>
				<int name="buffOverrideParam1" value="0" refParamName="" useRefParam="false"/>
				<int name="buffOverrideParam2" value="0" refParamName="" useRefParam="false"/>
				<int name="buffOverrideParam3" value="0" refParamName="" useRefParam="false"/>
				<int name="buffOverrideParam4" value="0" refParamName="" useRefParam="false"/>
				<int name="buffOverrideParam5" value="0" refParamName="" useRefParam="false"/>
				<TemplateObject name="paramTargetId" objectName="None" id="-1" isTemp="false" refParamName="" useRefParam="false"/>
				<TemplateObject name="paramTargetId2" objectName="None" id="-1" isTemp="false" refParamName="" useRefParam="false"/>
			</Event>
		</Track>
		<Track trackName="人检测宠物是否死亡" eventType="HitTriggerTick" guid="ddba93ba-70cb-40a3-888a-1472825be085" enabled="true" useRefParam="false" refParamName="" r="1.000" g="0.000" b="0.117" execOnForceStopped="false" execOnActionCompleted="false" stopAfterLastEvent="true">
			<Event eventName="HitTriggerTick" time="0.710" isDuration="false">
				<TemplateObject name="targetId" objectName="self" id="0" isTemp="false" refParamName="" useRefParam="false"/>
				<TemplateObject name="hitTargetId" objectName="monster" id="2" isTemp="false" refParamName="" useRefParam="false"/>
				<bool name="bulletHit" value="false" refParamName="" useRefParam="false"/>
				<TemplateObject name="victimId" objectName="None" id="-1" isTemp="false" refParamName="" useRefParam="false"/>
				<bool name="lastHit" value="false" refParamName="" useRefParam="false"/>
				<bool name="bSkillCombineChoose" value="false" refParamName="" useRefParam="false"/>
				<int name="SelfSkillCombineID_1" value="66526907" refParamName="" useRefParam="false"/>
				<int name="SelfSkillCombineID_2" value="0" refParamName="" useRefParam="false"/>
				<int name="SelfSkillCombineID_3" value="0" refParamName="" useRefParam="false"/>
				<int name="SelfSkillCombineID1Probability" value="0" refParamName="" useRefParam="false"/>
				<int name="SelfSkillCombineID2Probability" value="0" refParamName="" useRefParam="false"/>
				<int name="SelfSkillCombineID3Probability" value="0" refParamName="" useRefParam="false"/>
				<int name="TargetSkillCombine_1" value="66526896" refParamName="" useRefParam="false"/>
				<int name="TargetSkillCombine_2" value="66526894" refParamName="" useRefParam="false"/>
				<int name="TargetSkillCombine_3" value="66526895" refParamName="" useRefParam="false"/>
				<int name="TargetSkillCombineID1Probability" value="0" refParamName="" useRefParam="false"/>
				<int name="TargetSkillCombineID2Probability" value="0" refParamName="" useRefParam="false"/>
				<int name="TargetSkillCombineID3Probability" value="0" refParamName="" useRefParam="false"/>
				<bool name="bCheckSight" value="false" refParamName="" useRefParam="false"/>
				<bool name="bCheckSkillLevel" value="false" refParamName="" useRefParam="false"/>
				<Enum name="refSkillSlot" value="1" refParamName="" useRefParam="false">
					<uint name="普攻"/>
					<uint name="技能1"/>
					<uint name="技能2"/>
					<uint name="技能3"/>
					<uint name="技能4"/>
					<uint name="天赋技能"/>
					<uint name="老板是贾基"/>
					<uint name="回城"/>
					<uint name="饰品栏技能"/>
					<uint name=""/>
				</Enum>
				<int name="refSkillLevel" value="0" refParamName="" useRefParam="false"/>
				<Enum name="compareOPType" value="3" refParamName="" useRefParam="false">
					<uint name="不比较"/>
					<uint name="小于"/>
					<uint name="小等于"/>
					<uint name="等于"/>
					<uint name="大于"/>
					<uint name="大等于"/>
					<uint name=""/>
				</Enum>
				<TemplateObject name="triggerId" objectName="None" id="-1" isTemp="false" refParamName="" useRefParam="false"/>
				<bool name="bExtraBuff" value="false" refParamName="" useRefParam="false"/>
				<bool name="bOverrideParam" value="false" refParamName="" useRefParam="false"/>
				<int name="buffOverrideParam1" value="0" refParamName="" useRefParam="false"/>
				<int name="buffOverrideParam2" value="0" refParamName="" useRefParam="false"/>
				<int name="buffOverrideParam3" value="0" refParamName="" useRefParam="false"/>
				<int name="buffOverrideParam4" value="0" refParamName="" useRefParam="false"/>
				<int name="buffOverrideParam5" value="0" refParamName="" useRefParam="false"/>
				<TemplateObject name="paramTargetId" objectName="None" id="-1" isTemp="false" refParamName="" useRefParam="false"/>
				<TemplateObject name="paramTargetId2" objectName="None" id="-1" isTemp="false" refParamName="" useRefParam="false"/>
			</Event>
		</Track>
		<Track trackName="宠物出生各种属性加成" eventType="HitTriggerTick" guid="d784c73c-c029-4c13-9c7b-3cc6cb6f52cd" enabled="true" useRefParam="false" refParamName="" r="0.000" g="0.983" b="1.000" execOnForceStopped="false" execOnActionCompleted="false" stopAfterLastEvent="true">
			<Event eventName="HitTriggerTick" time="0.710" isDuration="false">
				<TemplateObject name="targetId" objectName="self" id="0" isTemp="false" refParamName="" useRefParam="false"/>
				<TemplateObject name="hitTargetId" objectName="monster" id="2" isTemp="false" refParamName="" useRefParam="false"/>
				<bool name="bulletHit" value="false" refParamName="" useRefParam="false"/>
				<TemplateObject name="victimId" objectName="None" id="-1" isTemp="false" refParamName="" useRefParam="false"/>
				<bool name="lastHit" value="false" refParamName="" useRefParam="false"/>
				<bool name="bSkillCombineChoose" value="false" refParamName="" useRefParam="false"/>
				<int name="SelfSkillCombineID_1" value="0" refParamName="" useRefParam="false"/>
				<int name="SelfSkillCombineID_2" value="0" refParamName="" useRefParam="false"/>
				<int name="SelfSkillCombineID_3" value="0" refParamName="" useRefParam="false"/>
				<int name="SelfSkillCombineID1Probability" value="0" refParamName="" useRefParam="false"/>
				<int name="SelfSkillCombineID2Probability" value="0" refParamName="" useRefParam="false"/>
				<int name="SelfSkillCombineID3Probability" value="0" refParamName="" useRefParam="false"/>
				<int name="TargetSkillCombine_1" value="66526925" refParamName="" useRefParam="false"/>
				<int name="TargetSkillCombine_2" value="0" refParamName="" useRefParam="false"/>
				<int name="TargetSkillCombine_3" value="66526924" refParamName="" useRefParam="false"/>
				<int name="TargetSkillCombineID1Probability" value="0" refParamName="" useRefParam="false"/>
				<int name="TargetSkillCombineID2Probability" value="0" refParamName="" useRefParam="false"/>
				<int name="TargetSkillCombineID3Probability" value="0" refParamName="" useRefParam="false"/>
				<bool name="bCheckSight" value="false" refParamName="" useRefParam="false"/>
				<bool name="bCheckSkillLevel" value="false" refParamName="" useRefParam="false"/>
				<Enum name="refSkillSlot" value="1" refParamName="" useRefParam="false">
					<uint name="普攻"/>
					<uint name="技能1"/>
					<uint name="技能2"/>
					<uint name="技能3"/>
					<uint name="技能4"/>
					<uint name="天赋技能"/>
					<uint name="老板是贾基"/>
					<uint name="回城"/>
					<uint name="饰品栏技能"/>
					<uint name=""/>
				</Enum>
				<int name="refSkillLevel" value="0" refParamName="" useRefParam="false"/>
				<Enum name="compareOPType" value="3" refParamName="" useRefParam="false">
					<uint name="不比较"/>
					<uint name="小于"/>
					<uint name="小等于"/>
					<uint name="等于"/>
					<uint name="大于"/>
					<uint name="大等于"/>
					<uint name=""/>
				</Enum>
				<TemplateObject name="triggerId" objectName="None" id="-1" isTemp="false" refParamName="" useRefParam="false"/>
				<bool name="bExtraBuff" value="false" refParamName="" useRefParam="false"/>
				<bool name="bOverrideParam" value="false" refParamName="" useRefParam="false"/>
				<int name="buffOverrideParam1" value="0" refParamName="" useRefParam="false"/>
				<int name="buffOverrideParam2" value="0" refParamName="" useRefParam="false"/>
				<int name="buffOverrideParam3" value="0" refParamName="" useRefParam="false"/>
				<int name="buffOverrideParam4" value="0" refParamName="" useRefParam="false"/>
				<int name="buffOverrideParam5" value="0" refParamName="" useRefParam="false"/>
				<TemplateObject name="paramTargetId" objectName="None" id="-1" isTemp="false" refParamName="" useRefParam="false"/>
				<TemplateObject name="paramTargetId2" objectName="None" id="-1" isTemp="false" refParamName="" useRefParam="false"/>
			</Event>
		</Track>
		<Track trackName="宠物出生各种属性加成" eventType="HitTriggerTick" guid="f2f07f04-b785-45bb-9160-c080fc225441" enabled="true" useRefParam="false" refParamName="" r="0.000" g="0.683" b="1.000" execOnForceStopped="false" execOnActionCompleted="false" stopAfterLastEvent="true">
			<Event eventName="HitTriggerTick" time="0.710" isDuration="false">
				<TemplateObject name="targetId" objectName="self" id="0" isTemp="false" refParamName="" useRefParam="false"/>
				<TemplateObject name="hitTargetId" objectName="monster" id="2" isTemp="false" refParamName="" useRefParam="false"/>
				<bool name="bulletHit" value="false" refParamName="" useRefParam="false"/>
				<TemplateObject name="victimId" objectName="None" id="-1" isTemp="false" refParamName="" useRefParam="false"/>
				<bool name="lastHit" value="false" refParamName="" useRefParam="false"/>
				<bool name="bSkillCombineChoose" value="false" refParamName="" useRefParam="false"/>
				<int name="SelfSkillCombineID_1" value="0" refParamName="" useRefParam="false"/>
				<int name="SelfSkillCombineID_2" value="0" refParamName="" useRefParam="false"/>
				<int name="SelfSkillCombineID_3" value="0" refParamName="" useRefParam="false"/>
				<int name="SelfSkillCombineID1Probability" value="0" refParamName="" useRefParam="false"/>
				<int name="SelfSkillCombineID2Probability" value="0" refParamName="" useRefParam="false"/>
				<int name="SelfSkillCombineID3Probability" value="0" refParamName="" useRefParam="false"/>
				<int name="TargetSkillCombine_1" value="66526897" refParamName="" useRefParam="false"/>
				<int name="TargetSkillCombine_2" value="66526898" refParamName="" useRefParam="false"/>
				<int name="TargetSkillCombine_3" value="66526899" refParamName="" useRefParam="false"/>
				<int name="TargetSkillCombineID1Probability" value="0" refParamName="" useRefParam="false"/>
				<int name="TargetSkillCombineID2Probability" value="0" refParamName="" useRefParam="false"/>
				<int name="TargetSkillCombineID3Probability" value="0" refParamName="" useRefParam="false"/>
				<bool name="bCheckSight" value="false" refParamName="" useRefParam="false"/>
				<bool name="bCheckSkillLevel" value="false" refParamName="" useRefParam="false"/>
				<Enum name="refSkillSlot" value="1" refParamName="" useRefParam="false">
					<uint name="普攻"/>
					<uint name="技能1"/>
					<uint name="技能2"/>
					<uint name="技能3"/>
					<uint name="技能4"/>
					<uint name="天赋技能"/>
					<uint name="老板是贾基"/>
					<uint name="回城"/>
					<uint name="饰品栏技能"/>
					<uint name=""/>
				</Enum>
				<int name="refSkillLevel" value="0" refParamName="" useRefParam="false"/>
				<Enum name="compareOPType" value="3" refParamName="" useRefParam="false">
					<uint name="不比较"/>
					<uint name="小于"/>
					<uint name="小等于"/>
					<uint name="等于"/>
					<uint name="大于"/>
					<uint name="大等于"/>
					<uint name=""/>
				</Enum>
				<TemplateObject name="triggerId" objectName="None" id="-1" isTemp="false" refParamName="" useRefParam="false"/>
				<bool name="bExtraBuff" value="false" refParamName="" useRefParam="false"/>
				<bool name="bOverrideParam" value="false" refParamName="" useRefParam="false"/>
				<int name="buffOverrideParam1" value="0" refParamName="" useRefParam="false"/>
				<int name="buffOverrideParam2" value="0" refParamName="" useRefParam="false"/>
				<int name="buffOverrideParam3" value="0" refParamName="" useRefParam="false"/>
				<int name="buffOverrideParam4" value="0" refParamName="" useRefParam="false"/>
				<int name="buffOverrideParam5" value="0" refParamName="" useRefParam="false"/>
				<TemplateObject name="paramTargetId" objectName="None" id="-1" isTemp="false" refParamName="" useRefParam="false"/>
				<TemplateObject name="paramTargetId2" objectName="None" id="-1" isTemp="false" refParamName="" useRefParam="false"/>
			</Event>
		</Track>
		<Track trackName="宠物出生各种属性加成" eventType="HitTriggerTick" guid="099cbebe-6e62-4f2a-9d3d-3975f92d4b82" enabled="false" useRefParam="false" refParamName="" r="0.000" g="1.000" b="0.900" execOnForceStopped="false" execOnActionCompleted="false" stopAfterLastEvent="true">
			<Event eventName="HitTriggerTick" time="0.743" isDuration="false">
				<TemplateObject name="targetId" objectName="self" id="0" isTemp="false" refParamName="" useRefParam="false"/>
				<TemplateObject name="hitTargetId" objectName="monster" id="2" isTemp="false" refParamName="" useRefParam="false"/>
				<bool name="bulletHit" value="false" refParamName="" useRefParam="false"/>
				<TemplateObject name="victimId" objectName="None" id="-1" isTemp="false" refParamName="" useRefParam="false"/>
				<bool name="lastHit" value="false" refParamName="" useRefParam="false"/>
				<bool name="bSkillCombineChoose" value="false" refParamName="" useRefParam="false"/>
				<int name="SelfSkillCombineID_1" value="0" refParamName="" useRefParam="false"/>
				<int name="SelfSkillCombineID_2" value="0" refParamName="" useRefParam="false"/>
				<int name="SelfSkillCombineID_3" value="0" refParamName="" useRefParam="false"/>
				<int name="SelfSkillCombineID1Probability" value="0" refParamName="" useRefParam="false"/>
				<int name="SelfSkillCombineID2Probability" value="0" refParamName="" useRefParam="false"/>
				<int name="SelfSkillCombineID3Probability" value="0" refParamName="" useRefParam="false"/>
				<int name="TargetSkillCombine_1" value="66526895" refParamName="" useRefParam="false"/>
				<int name="TargetSkillCombine_2" value="0" refParamName="" useRefParam="false"/>
				<int name="TargetSkillCombine_3" value="0" refParamName="" useRefParam="false"/>
				<int name="TargetSkillCombineID1Probability" value="0" refParamName="" useRefParam="false"/>
				<int name="TargetSkillCombineID2Probability" value="0" refParamName="" useRefParam="false"/>
				<int name="TargetSkillCombineID3Probability" value="0" refParamName="" useRefParam="false"/>
				<bool name="bCheckSight" value="false" refParamName="" useRefParam="false"/>
				<bool name="bCheckSkillLevel" value="false" refParamName="" useRefParam="false"/>
				<Enum name="refSkillSlot" value="1" refParamName="" useRefParam="false">
					<uint name="普攻"/>
					<uint name="技能1"/>
					<uint name="技能2"/>
					<uint name="技能3"/>
					<uint name="技能4"/>
					<uint name="天赋技能"/>
					<uint name="老板是贾基"/>
					<uint name="回城"/>
					<uint name="饰品栏技能"/>
					<uint name=""/>
				</Enum>
				<int name="refSkillLevel" value="0" refParamName="" useRefParam="false"/>
				<Enum name="compareOPType" value="3" refParamName="" useRefParam="false">
					<uint name="不比较"/>
					<uint name="小于"/>
					<uint name="小等于"/>
					<uint name="等于"/>
					<uint name="大于"/>
					<uint name="大等于"/>
					<uint name=""/>
				</Enum>
				<TemplateObject name="triggerId" objectName="None" id="-1" isTemp="false" refParamName="" useRefParam="false"/>
				<bool name="bExtraBuff" value="false" refParamName="" useRefParam="false"/>
				<bool name="bOverrideParam" value="false" refParamName="" useRefParam="false"/>
				<int name="buffOverrideParam1" value="0" refParamName="" useRefParam="false"/>
				<int name="buffOverrideParam2" value="0" refParamName="" useRefParam="false"/>
				<int name="buffOverrideParam3" value="0" refParamName="" useRefParam="false"/>
				<int name="buffOverrideParam4" value="0" refParamName="" useRefParam="false"/>
				<int name="buffOverrideParam5" value="0" refParamName="" useRefParam="false"/>
				<TemplateObject name="paramTargetId" objectName="None" id="-1" isTemp="false" refParamName="" useRefParam="false"/>
				<TemplateObject name="paramTargetId2" objectName="None" id="-1" isTemp="false" refParamName="" useRefParam="false"/>
			</Event>
		</Track>
		<Track trackName="宝宝强化1阶段开始" eventType="HitTriggerTick" guid="1f38dfca-095d-4a70-824f-d38b264ea1dd" enabled="false" useRefParam="false" refParamName="" r="0.000" g="1.000" b="0.450" execOnForceStopped="false" execOnActionCompleted="false" stopAfterLastEvent="true">
			<Event eventName="HitTriggerTick" time="1.700" isDuration="false">
				<TemplateObject name="targetId" objectName="self" id="0" isTemp="false" refParamName="" useRefParam="false"/>
				<TemplateObject name="hitTargetId" objectName="None" id="-1" isTemp="false" refParamName="" useRefParam="false"/>
				<bool name="bulletHit" value="false" refParamName="" useRefParam="false"/>
				<TemplateObject name="victimId" objectName="None" id="-1" isTemp="false" refParamName="" useRefParam="false"/>
				<bool name="lastHit" value="false" refParamName="" useRefParam="false"/>
				<bool name="bSkillCombineChoose" value="false" refParamName="" useRefParam="false"/>
				<int name="SelfSkillCombineID_1" value="66526911" refParamName="" useRefParam="false"/>
				<int name="SelfSkillCombineID_2" value="0" refParamName="" useRefParam="false"/>
				<int name="SelfSkillCombineID_3" value="0" refParamName="" useRefParam="false"/>
				<int name="SelfSkillCombineID1Probability" value="0" refParamName="" useRefParam="false"/>
				<int name="SelfSkillCombineID2Probability" value="0" refParamName="" useRefParam="false"/>
				<int name="SelfSkillCombineID3Probability" value="0" refParamName="" useRefParam="false"/>
				<int name="TargetSkillCombine_1" value="0" refParamName="" useRefParam="false"/>
				<int name="TargetSkillCombine_2" value="0" refParamName="" useRefParam="false"/>
				<int name="TargetSkillCombine_3" value="0" refParamName="" useRefParam="false"/>
				<int name="TargetSkillCombineID1Probability" value="0" refParamName="" useRefParam="false"/>
				<int name="TargetSkillCombineID2Probability" value="0" refParamName="" useRefParam="false"/>
				<int name="TargetSkillCombineID3Probability" value="0" refParamName="" useRefParam="false"/>
				<bool name="bCheckSight" value="false" refParamName="" useRefParam="false"/>
				<bool name="bCheckSkillLevel" value="false" refParamName="" useRefParam="false"/>
				<Enum name="refSkillSlot" value="1" refParamName="" useRefParam="false">
					<uint name="普攻"/>
					<uint name="技能1"/>
					<uint name="技能2"/>
					<uint name="技能3"/>
					<uint name="技能4"/>
					<uint name="天赋技能"/>
					<uint name="老板是贾基"/>
					<uint name="回城"/>
					<uint name="饰品栏技能"/>
					<uint name=""/>
				</Enum>
				<int name="refSkillLevel" value="0" refParamName="" useRefParam="false"/>
				<Enum name="compareOPType" value="3" refParamName="" useRefParam="false">
					<uint name="不比较"/>
					<uint name="小于"/>
					<uint name="小等于"/>
					<uint name="等于"/>
					<uint name="大于"/>
					<uint name="大等于"/>
					<uint name=""/>
				</Enum>
				<TemplateObject name="triggerId" objectName="None" id="-1" isTemp="false" refParamName="" useRefParam="false"/>
				<bool name="bExtraBuff" value="false" refParamName="" useRefParam="false"/>
				<bool name="bOverrideParam" value="false" refParamName="" useRefParam="false"/>
				<int name="buffOverrideParam1" value="0" refParamName="" useRefParam="false"/>
				<int name="buffOverrideParam2" value="0" refParamName="" useRefParam="false"/>
				<int name="buffOverrideParam3" value="0" refParamName="" useRefParam="false"/>
				<int name="buffOverrideParam4" value="0" refParamName="" useRefParam="false"/>
				<int name="buffOverrideParam5" value="0" refParamName="" useRefParam="false"/>
				<TemplateObject name="paramTargetId" objectName="None" id="-1" isTemp="false" refParamName="" useRefParam="false"/>
				<TemplateObject name="paramTargetId2" objectName="None" id="-1" isTemp="false" refParamName="" useRefParam="false"/>
			</Event>
		</Track>
		<Track trackName="增加1阶段强化标识" eventType="HitTriggerTick" guid="83793417-15b7-4b30-bfe3-defb95c4765e" enabled="false" useRefParam="false" refParamName="" r="0.000" g="0.950" b="1.000" execOnForceStopped="false" execOnActionCompleted="false" stopAfterLastEvent="true">
			<Event eventName="HitTriggerTick" time="1.700" isDuration="false">
				<TemplateObject name="targetId" objectName="self" id="0" isTemp="false" refParamName="" useRefParam="false"/>
				<TemplateObject name="hitTargetId" objectName="None" id="-1" isTemp="false" refParamName="" useRefParam="false"/>
				<bool name="bulletHit" value="false" refParamName="" useRefParam="false"/>
				<TemplateObject name="victimId" objectName="None" id="-1" isTemp="false" refParamName="" useRefParam="false"/>
				<bool name="lastHit" value="false" refParamName="" useRefParam="false"/>
				<bool name="bSkillCombineChoose" value="false" refParamName="" useRefParam="false"/>
				<int name="SelfSkillCombineID_1" value="66526913" refParamName="" useRefParam="false"/>
				<int name="SelfSkillCombineID_2" value="0" refParamName="" useRefParam="false"/>
				<int name="SelfSkillCombineID_3" value="0" refParamName="" useRefParam="false"/>
				<int name="SelfSkillCombineID1Probability" value="0" refParamName="" useRefParam="false"/>
				<int name="SelfSkillCombineID2Probability" value="0" refParamName="" useRefParam="false"/>
				<int name="SelfSkillCombineID3Probability" value="0" refParamName="" useRefParam="false"/>
				<int name="TargetSkillCombine_1" value="0" refParamName="" useRefParam="false"/>
				<int name="TargetSkillCombine_2" value="0" refParamName="" useRefParam="false"/>
				<int name="TargetSkillCombine_3" value="0" refParamName="" useRefParam="false"/>
				<int name="TargetSkillCombineID1Probability" value="0" refParamName="" useRefParam="false"/>
				<int name="TargetSkillCombineID2Probability" value="0" refParamName="" useRefParam="false"/>
				<int name="TargetSkillCombineID3Probability" value="0" refParamName="" useRefParam="false"/>
				<bool name="bCheckSight" value="false" refParamName="" useRefParam="false"/>
				<bool name="bCheckSkillLevel" value="false" refParamName="" useRefParam="false"/>
				<Enum name="refSkillSlot" value="1" refParamName="" useRefParam="false">
					<uint name="普攻"/>
					<uint name="技能1"/>
					<uint name="技能2"/>
					<uint name="技能3"/>
					<uint name="技能4"/>
					<uint name="天赋技能"/>
					<uint name="老板是贾基"/>
					<uint name="回城"/>
					<uint name="饰品栏技能"/>
					<uint name=""/>
				</Enum>
				<int name="refSkillLevel" value="0" refParamName="" useRefParam="false"/>
				<Enum name="compareOPType" value="3" refParamName="" useRefParam="false">
					<uint name="不比较"/>
					<uint name="小于"/>
					<uint name="小等于"/>
					<uint name="等于"/>
					<uint name="大于"/>
					<uint name="大等于"/>
					<uint name=""/>
				</Enum>
				<TemplateObject name="triggerId" objectName="None" id="-1" isTemp="false" refParamName="" useRefParam="false"/>
				<bool name="bExtraBuff" value="false" refParamName="" useRefParam="false"/>
				<bool name="bOverrideParam" value="false" refParamName="" useRefParam="false"/>
				<int name="buffOverrideParam1" value="0" refParamName="" useRefParam="false"/>
				<int name="buffOverrideParam2" value="0" refParamName="" useRefParam="false"/>
				<int name="buffOverrideParam3" value="0" refParamName="" useRefParam="false"/>
				<int name="buffOverrideParam4" value="0" refParamName="" useRefParam="false"/>
				<int name="buffOverrideParam5" value="0" refParamName="" useRefParam="false"/>
				<TemplateObject name="paramTargetId" objectName="None" id="-1" isTemp="false" refParamName="" useRefParam="false"/>
				<TemplateObject name="paramTargetId2" objectName="None" id="-1" isTemp="false" refParamName="" useRefParam="false"/>
			</Event>
		</Track>
		<Track trackName="SpawnBulletTick1" eventType="SpawnBulletTick" guid="80840ee7-ef80-4c71-8b17-a2cf6ae0fe72" enabled="true" useRefParam="false" refParamName="" r="1.000" g="0.000" b="0.333" execOnForceStopped="false" execOnActionCompleted="false" stopAfterLastEvent="true">
			<Event eventName="SpawnBulletTick" time="0.000" isDuration="false">
				<TemplateObject name="targetId" objectName="self" id="0" isTemp="false" refParamName="" useRefParam="false"/>
				<TemplateObject name="targetPosActorId" objectName="None" id="-1" isTemp="true" refParamName="" useRefParam="false"/>
				<TemplateObject name="referenceObjectId" objectName="None" id="-1" isTemp="false" refParamName="" useRefParam="false"/>
				<String name="ActionName" value="prefab_characters/prefab_hero/526_Summoner/skill/AutoChess/acP0B3" refParamName="" useRefParam="false"/>
				<String name="SpecialActionName" value="" refParamName="" useRefParam="false"/>
				<bool name="bDeadRemove" value="false" refParamName="" useRefParam="false"/>
				<bool name="bImmeExcute" value="true" refParamName="" useRefParam="false"/>
				<bool name="bAgeEternal" value="false" refParamName="" useRefParam="false"/>
				<int name="bulletTypeId" value="0" refParamName="" useRefParam="false"/>
				<int name="bulletUpperLimit" value="0" refParamName="" useRefParam="false"/>
				<bool name="bSpawnBounceBullet" value="false" refParamName="" useRefParam="false"/>
				<Enum name="bulletSkillType" value="0" refParamName="" useRefParam="false">
					<uint name="默认类型_0"/>
					<uint name="允许特殊打断_1"/>
				</Enum>
				<bool name="bAbort" value="false" refParamName="" useRefParam="false"/>
			</Event>
		</Track>
		<Track trackName="PlayHeroSoundTick2" eventType="PlayHeroSoundTick" guid="60b0127b-0d29-49a2-be78-e3289f79adb6" enabled="true" useRefParam="false" refParamName="" r="1.000" g="0.000" b="0.167" execOnForceStopped="false" execOnActionCompleted="false" stopAfterLastEvent="true">
			<Event eventName="PlayHeroSoundTick" time="0.000" isDuration="false">
				<TemplateObject name="targetId" objectName="self" id="0" isTemp="false" refParamName="" useRefParam="false"/>
				<TemplateObject name="sourceId" objectName="self" id="0" isTemp="false" refParamName="" useRefParam="false"/>
				<String name="eventName" value="Play_526_Ishar_Pet_Reborn" refParamName="" useRefParam="false"/>
				<bool name="use1P3PSwitch" value="true" refParamName="" useRefParam="false"/>
				<bool name="useSkinSwitch" value="true" refParamName="" useRefParam="false"/>
				<Array name="extraSkinId" refParamName="" useRefParam="false" type="uint"/>
			</Event>
		</Track>
	</Action>
</Project>