﻿<?xml version="1.0" encoding="utf-8"?>
<Project>
	<TemplateObjectList>
		<TemplateObject objectName="self" id="0" isTemp="false" />
		<TemplateObject objectName="target" id="1" isTemp="false" />
	</TemplateObjectList>
	<RefParamList />
	<Action tag="" length="6.600" loop="false">
		<Track trackName="SkillFuncInstant0" eventType="SkillFuncInstant" guid="c43d538f-20bd-4d17-9c3d-a6494939220d" enabled="true" useRefParam="false" refParamName="" r="0.000" g="1.000" b="0.233" execOnForceStopped="false" execOnActionCompleted="false" stopAfterLastEvent="true">
			<Event eventName="SkillFuncInstant" time="0.000" isDuration="false">
				<Enum name="SkillFuncType" value="70" refParamName="" useRefParam="false">
					<uint name="物理伤害" />
					<uint name="法术伤害" />
					<uint name="真实伤害" />
					<uint name="回复生命值" />
					<uint name="增加攻击速度" />
					<uint name="减少攻击速度" />
					<uint name="增加移动速度" />
					<uint name="减少移动速度" />
					<uint name="提高攻击力" />
					<uint name="降低攻击力" />
					<uint name="吸血" />
					<uint name="增加护甲" />
					<uint name="减少护甲" />
					<uint name="增加抗性" />
					<uint name="减少抗性" />
					<uint name="免疫效果" />
					<uint name="减少技能CD" />
					<uint name="增加法术强度" />
					<uint name="减少法术强度" />
					<uint name="增加暴击率" />
					<uint name="减少暴击率" />
					<uint name="增加最大生命" />
					<uint name="减少最大生命" />
					<uint name="增加物理穿透" />
					<uint name="减少物理穿透" />
					<uint name="增加法术穿透" />
					<uint name="减少法术穿透" />
					<uint name="护盾" />
					<uint name="增加技能印记" />
					<uint name="触发技能印记" />
					<uint name="免疫伤害" />
					<uint name="免疫控制" />
					<uint name="迅速复活" />
					<uint name="法球效果" />
					<uint name="驱散效果" />
					<uint name="物理吸血" />
					<uint name="法术吸血" />
					<uint name="伤害免疫率" />
					<uint name="获取视野效果" />
					<uint name="隐身效果" />
					<uint name="伤害输出率效果" />
					<uint name="韧性率效果" />
					<uint name="冷却缩减效果" />
					<uint name="抗暴率效果" />
					<uint name="条件伤害输出率效果" />
					<uint name="忽略RVO" />
					<uint name="生命条件效果" />
					<uint name="更换血条风格" />
					<uint name="目标伤害加成效果" />
					<uint name="击杀经验加成效果" />
					<uint name="增加经验效果" />
					<uint name="受控额外效果" />
					<uint name="免疫暴击效果" />
					<uint name="限制最大伤害效果" />
					<uint name="免疫致命伤害效果" />
					<uint name="改变技能" />
					<uint name="禁用技能" />
					<uint name="改变暴击伤害效果" />
					<uint name="回复能量值" />
					<uint name="改变护甲穿透率" />
					<uint name="改变法术穿透率" />
					<uint name="普攻带法术效果" />
					<uint name="增加法术强度率" />
					<uint name="法术强度增益效果" />
					<uint name="回复增益效果" />
					<uint name="脱离战斗提速效果" />
					<uint name="护盾免疫控制" />
					<uint name="护甲减伤率" />
					<uint name="生命低时额外伤害" />
					<uint name="致盲（禁止使用）" />
					<uint name="移除技能效果" />
					<uint name="击杀金币加成效果" />
					<uint name="技能额外伤害效果" />
					<uint name="改变被动技能参数" />
					<uint name="改变狂意值" />
					<uint name="现形效果" />
				</Enum>
			</Event>
		</Track>
		<Track trackName="HitTriggerTick0" eventType="HitTriggerTick" guid="22deda1b-5226-4548-af51-74b187703385" enabled="true" useRefParam="false" refParamName="" r="0.017" g="0.000" b="1.000" execOnForceStopped="false" execOnActionCompleted="false" stopAfterLastEvent="true">
			<Event eventName="HitTriggerTick" time="6.500" isDuration="false">
				<TemplateObject name="targetId" objectName="self" id="0" isTemp="false" refParamName="" useRefParam="false" />
				<TemplateObject name="objId" objectName="None" id="-1" isTemp="false" refParamName="" useRefParam="false" />
				<TemplateObject name="triggerId" objectName="None" id="-1" isTemp="false" refParamName="" useRefParam="false" />
				<bool name="bulletHit" value="false" refParamName="" useRefParam="false" />
				<TemplateObject name="victimId" objectName="None" id="-1" isTemp="false" refParamName="" useRefParam="false" />
				<bool name="lastHit" value="false" refParamName="" useRefParam="false" />
				<bool name="bSkillCombineChoose" value="false" refParamName="" useRefParam="false" />
				<int name="SelfSkillCombineID_1" value="195901" refParamName="" useRefParam="false" />
				<int name="SelfSkillCombineID_2" value="0" refParamName="" useRefParam="false" />
				<int name="SelfSkillCombineID_3" value="0" refParamName="" useRefParam="false" />
				<int name="TargetSkillCombine_1" value="0" refParamName="" useRefParam="false" />
				<int name="TargetSkillCombine_2" value="0" refParamName="" useRefParam="false" />
				<int name="TargetSkillCombine_3" value="0" refParamName="" useRefParam="false" />
				<bool name="bCheckSight" value="false" refParamName="" useRefParam="false" />
				<bool name="bFindTargetByRotateBodyBullet" value="false" refParamName="" useRefParam="false" />
			</Event>
		</Track>
	</Action>
</Project>