﻿<?xml version="1.0" encoding="utf-8"?>
<Project>
  <TemplateObjectList>
    <TemplateObject objectName="self" id="0" isTemp="false" />
    <TemplateObject objectName="target" id="1" isTemp="false" />
    <TemplateObject objectName="bullet" id="2" isTemp="true" />
    <TemplateObject objectName="s2tar" id="3" isTemp="true" />
  </TemplateObjectList>
  <RefParamList>
    <String name="BulletPrefab" value="" refParamName="" useRefParam="false" />
    <Vector3i name="_TargetDir" x="0" y="0" z="0" refParamName="" useRefParam="false" />
    <Vector3i name="_TargetPos" x="0" y="0" z="0" refParamName="" useRefParam="false" />
    <uint name="109u1b51" value="0" refParamName="" useRefParam="false" />
  </RefParamList>
  <Action tag="" length="5.500" loop="false">
    <Track trackName="SpawnLiteObjDuration0" eventType="SpawnLiteObjDuration" guid="c890e4ed-8300-4e21-8d66-757283ec3cc0" enabled="true" refParamName="" useRefParam="false" r="0.417" g="0.000" b="1.000" execOnForceStopped="false" execOnActionCompleted="false" stopAfterLastEvent="true">
      <Event eventName="SpawnLiteObjDuration" time="0.500" length="5.000" isDuration="true">
        <String name="OutputLiteBulletName" value="109u1b51" refParamName="" useRefParam="false" />
        <uint name="ConfigID" value="10906" refParamName="" useRefParam="false" />
        <TemplateObject name="ReferenceID" objectName="self" id="0" isTemp="false" refParamName="" useRefParam="false" />
        <TemplateObject name="TargetID" objectName="target" id="1" isTemp="false" refParamName="" useRefParam="false" />
        <Vector3i name="TargetPos" x="0" y="0" z="0" refParamName="" useRefParam="false" />
        <Vector3i name="TargetDir" x="0" y="0" z="0" refParamName="" useRefParam="false" />
      </Event>
    </Track>
    <Track trackName="HitTriggerTick0" eventType="HitTriggerTick" guid="b0e2e815-7758-4618-a811-93ce54061f48" enabled="true" refParamName="" useRefParam="false" r="0.717" g="0.000" b="1.000" execOnForceStopped="false" execOnActionCompleted="false" stopAfterLastEvent="true">
      <Condition id="0" guid="c890e4ed-8300-4e21-8d66-757283ec3cc0" status="true" />
      <Event eventName="HitTriggerTick" time="0.000" isDuration="false">
        <TemplateObject name="targetId" objectName="self" id="0" isTemp="false" refParamName="" useRefParam="false" />
        <TemplateObject name="hitTargetId" objectName="None" id="-1" isTemp="false" refParamName="" useRefParam="false" />
        <bool name="bInheritRefParams" value="false" refParamName="" useRefParam="false" />
        <TemplateObject name="triggerId" objectName="None" id="-1" isTemp="false" refParamName="" useRefParam="false" />
        <bool name="bulletHit" value="false" refParamName="" useRefParam="false" />
        <TemplateObject name="victimId" objectName="None" id="-1" isTemp="false" refParamName="" useRefParam="false" />
        <bool name="lastHit" value="true" refParamName="" useRefParam="false" />
        <bool name="bSkillCombineChoose" value="false" refParamName="" useRefParam="false" />
        <int name="SelfSkillCombineID_1" value="0" refParamName="" useRefParam="false" />
        <int name="SelfSkillCombineID_2" value="0" refParamName="" useRefParam="false" />
        <int name="SelfSkillCombineID1Probability" value="0" refParamName="" useRefParam="false" />
        <int name="SelfSkillCombineID2Probability" value="0" refParamName="" useRefParam="false" />
        <int name="SelfSkillCombineID3Probability" value="0" refParamName="" useRefParam="false" />
        <int name="SelfSkillCombineID_3" value="0" refParamName="" useRefParam="false" />
        <int name="TargetSkillCombine_1" value="109008" refParamName="" useRefParam="false" />
        <int name="TargetSkillCombine_2" value="0" refParamName="" useRefParam="false" />
        <int name="TargetSkillCombineID1Probability" value="0" refParamName="" useRefParam="false" />
        <int name="TargetSkillCombineID2Probability" value="0" refParamName="" useRefParam="false" />
        <int name="TargetSkillCombineID3Probability" value="0" refParamName="" useRefParam="false" />
        <int name="TargetSkillCombine_3" value="109300" refParamName="" useRefParam="false" />
        <bool name="bCheckSkillLevel" value="false" refParamName="" useRefParam="false" />
        <Enum name="refSkillSlot" value="1" refParamName="" useRefParam="false">
          <uint name="普攻" />
          <uint name="技能1" />
          <uint name="技能2" />
          <uint name="技能3" />
          <uint name="技能4" />
          <uint name="天赋技能" />
          <uint name="回城" />
          <uint name="饰品栏技能" />
          <uint name="" />
        </Enum>
        <int name="refSkillLevel" value="0" refParamName="" useRefParam="false" />
        <Enum name="compareOPType" value="3" refParamName="" useRefParam="false">
          <uint name="不比较" />
          <uint name="小于" />
          <uint name="小等于" />
          <uint name="等于" />
          <uint name="大于" />
          <uint name="大等于" />
          <uint name="" />
        </Enum>
        <bool name="bCheckSight" value="false" refParamName="" useRefParam="false" />
        <bool name="bExtraBuff" value="false" refParamName="" useRefParam="false" />
        <bool name="bOverrideParam" value="false" refParamName="" useRefParam="false" />
        <int name="buffOverrideParam1" value="0" refParamName="" useRefParam="false" />
        <int name="buffOverrideParam2" value="0" refParamName="" useRefParam="false" />
        <int name="buffOverrideParam3" value="0" refParamName="" useRefParam="false" />
        <int name="buffOverrideParam4" value="0" refParamName="" useRefParam="false" />
        <int name="buffOverrideParam5" value="0" refParamName="" useRefParam="false" />
        <TemplateObject name="paramTargetId" objectName="None" id="-1" isTemp="false" refParamName="" useRefParam="false" />
        <TemplateObject name="paramTargetId2" objectName="None" id="-1" isTemp="false" refParamName="" useRefParam="false" />
      </Event>
    </Track>
    <Track trackName="StopTrack5" eventType="StopTrack" guid="8f1695ac-edc3-4ca8-ac91-e9e965aaddb6" enabled="true" refParamName="" useRefParam="false" r="1.000" g="0.817" b="0.000" execOnForceStopped="false" execOnActionCompleted="false" stopAfterLastEvent="true">
      <Condition id="0" guid="c890e4ed-8300-4e21-8d66-757283ec3cc0" status="true" />
      <Event eventName="StopTrack" time="0.000" isDuration="false">
        <TrackObject name="trackId" id="0" guid="c890e4ed-8300-4e21-8d66-757283ec3cc0" refParamName="" useRefParam="false" />
        <bool name="alsoStopNotStartedTrack" value="false" refParamName="" useRefParam="false" />
      </Event>
    </Track>
  </Action>
</Project>