<?xml version="1.0" encoding="utf-8"?>
<Project>
	<TemplateObjectList>
		<TemplateObject objectName="self" id="0" isTemp="false"/>
		<TemplateObject objectName="target" id="1" isTemp="false"/>
		<TemplateObject objectName="bullet" id="2" isTemp="true"/>
		<TemplateObject objectName="bullet1" id="3" isTemp="true"/>
		<TemplateObject objectName="bullet2" id="4" isTemp="true"/>
	</TemplateObjectList>
	<RefParamList>
		<String name="BulletPrefab" value="" refParamName="" useRefParam="false"/>
		<Vector3i name="_TargetDir" x="0" y="0" z="0" refParamName="" useRefParam="false"/>
		<Vector3i name="_TargetPos" x="0" y="0" z="0" refParamName="" useRefParam="false"/>
	</RefParamList>
	<Action tag="" length="5.000" loop="false">
		<Track trackName="FilterTargetType21" eventType="FilterTargetType" guid="9541718a-89a3-4080-aa9e-c03f00c39222" enabled="true" refParamName="" useRefParam="false" r="0.000" g="0.017" b="1.000" execOnForceStopped="false" execOnActionCompleted="false" stopAfterLastEvent="true">
			<Event eventName="FilterTargetType" time="0.000" isDuration="false">
				<TemplateObject name="targetId" objectName="self" id="0" isTemp="false" refParamName="" useRefParam="false"/>
				<bool name="bFilterHero" value="false" refParamName="" useRefParam="false"/>
				<bool name="bFilterMonter" value="false" refParamName="" useRefParam="false"/>
				<bool name="bFilterBoss" value="false" refParamName="" useRefParam="false"/>
				<bool name="bFilterOrgan" value="false" refParamName="" useRefParam="false"/>
				<bool name="bFilterChest" value="false" refParamName="" useRefParam="false"/>
				<bool name="bFilterEye" value="false" refParamName="" useRefParam="false"/>
				<bool name="bFilterPet" value="false" refParamName="" useRefParam="false"/>
				<bool name="bFilterMajorMonster" value="false" refParamName="" useRefParam="false"/>
				<bool name="bFilterMinorMonster" value="false" refParamName="" useRefParam="false"/>
				<bool name="bFilterSoldier" value="false" refParamName="" useRefParam="false"/>
				<bool name="bFilterOtherMonster" value="false" refParamName="" useRefParam="false"/>
				<bool name="bFilterSameCamp" value="false" refParamName="" useRefParam="false"/>
				<bool name="bFilterDiffCamp" value="true" refParamName="" useRefParam="false"/>
				<bool name="bWatchingAvaild" value="false" refParamName="" useRefParam="false"/>
				<bool name="bFilterCampWithTarget" value="false" refParamName="" useRefParam="false"/>
				<TemplateObject name="filterObjID" objectName="None" id="-1" isTemp="false" refParamName="" useRefParam="false"/>
				<bool name="bFilterSameCampWithTarget" value="false" refParamName="" useRefParam="false"/>
				<bool name="bFilterDiffCampWithTarget" value="false" refParamName="" useRefParam="false"/>
				<bool name="bOnlySelf" value="false" refParamName="" useRefParam="false"/>
				<bool name="bOnlyHostHero" value="false" refParamName="" useRefParam="false"/>
				<bool name="bImmediateRevive" value="false" refParamName="" useRefParam="false"/>
				<Enum name="attackType" value="0" refParamName="" useRefParam="false">
					<uint name="所有英雄"/>
					<uint name="近战英雄"/>
					<uint name="远程英雄"/>
				</Enum>
				<bool name="bSelectJob" value="false" refParamName="" useRefParam="false"/>
				<Enum name="jobType" value="0" refParamName="" useRefParam="false">
					<uint name="N/A"/>
					<uint name="坦克"/>
					<uint name="战士"/>
					<uint name="刺客"/>
					<uint name="法师"/>
					<uint name="射手"/>
					<uint name="辅助"/>
					<uint name=""/>
					<uint name=""/>
					<uint name=""/>
				</Enum>
				<bool name="bFilterGrouped" value="false" refParamName="" useRefParam="false"/>
				<bool name="bFilterSelf" value="false" refParamName="" useRefParam="false"/>
				<bool name="bFilterTarget" value="false" refParamName="" useRefParam="false"/>
				<bool name="bInverse" value="false" refParamName="" useRefParam="false"/>
				<int name="groupActorType" value="0" refParamName="" useRefParam="false"/>
				<int name="groupRadius" value="10000" refParamName="" useRefParam="false"/>
				<bool name="bFilterInTeam" value="false" refParamName="" useRefParam="false"/>
				<int name="teamHeroID" value="0" refParamName="" useRefParam="false"/>
				<bool name="bFilterDiffTeam" value="false" refParamName="" useRefParam="false"/>
				<int name="diffTeamHeroID" value="0" refParamName="" useRefParam="false"/>
				<bool name="bFilterMonsterType" value="false" refParamName="" useRefParam="false"/>
				<int name="monsterTypeMask" value="0" refParamName="" useRefParam="false"/>
				<int name="soldierTypeMask" value="0" refParamName="" useRefParam="false"/>
			</Event>
		</Track>
		<Track trackName="FilterTargetType22" eventType="FilterTargetType" guid="dcff1554-fe15-44e9-88d8-2fc0d5830472" enabled="true" refParamName="" useRefParam="false" r="0.133" g="1.000" b="0.000" execOnForceStopped="false" execOnActionCompleted="false" stopAfterLastEvent="true">
			<Event eventName="FilterTargetType" time="0.000" isDuration="false">
				<TemplateObject name="targetId" objectName="self" id="0" isTemp="false" refParamName="" useRefParam="false"/>
				<bool name="bFilterHero" value="false" refParamName="" useRefParam="false"/>
				<bool name="bFilterMonter" value="false" refParamName="" useRefParam="false"/>
				<bool name="bFilterBoss" value="false" refParamName="" useRefParam="false"/>
				<bool name="bFilterOrgan" value="false" refParamName="" useRefParam="false"/>
				<bool name="bFilterChest" value="false" refParamName="" useRefParam="false"/>
				<bool name="bFilterEye" value="false" refParamName="" useRefParam="false"/>
				<bool name="bFilterPet" value="false" refParamName="" useRefParam="false"/>
				<bool name="bFilterMajorMonster" value="false" refParamName="" useRefParam="false"/>
				<bool name="bFilterMinorMonster" value="false" refParamName="" useRefParam="false"/>
				<bool name="bFilterSoldier" value="false" refParamName="" useRefParam="false"/>
				<bool name="bFilterOtherMonster" value="false" refParamName="" useRefParam="false"/>
				<bool name="bFilterSameCamp" value="true" refParamName="" useRefParam="false"/>
				<bool name="bFilterDiffCamp" value="false" refParamName="" useRefParam="false"/>
				<bool name="bWatchingAvaild" value="false" refParamName="" useRefParam="false"/>
				<bool name="bFilterCampWithTarget" value="false" refParamName="" useRefParam="false"/>
				<TemplateObject name="filterObjID" objectName="None" id="-1" isTemp="false" refParamName="" useRefParam="false"/>
				<bool name="bFilterSameCampWithTarget" value="false" refParamName="" useRefParam="false"/>
				<bool name="bFilterDiffCampWithTarget" value="false" refParamName="" useRefParam="false"/>
				<bool name="bOnlySelf" value="false" refParamName="" useRefParam="false"/>
				<bool name="bOnlyHostHero" value="false" refParamName="" useRefParam="false"/>
				<bool name="bImmediateRevive" value="false" refParamName="" useRefParam="false"/>
				<Enum name="attackType" value="0" refParamName="" useRefParam="false">
					<uint name="所有英雄"/>
					<uint name="近战英雄"/>
					<uint name="远程英雄"/>
				</Enum>
				<bool name="bSelectJob" value="false" refParamName="" useRefParam="false"/>
				<Enum name="jobType" value="0" refParamName="" useRefParam="false">
					<uint name="N/A"/>
					<uint name="坦克"/>
					<uint name="战士"/>
					<uint name="刺客"/>
					<uint name="法师"/>
					<uint name="射手"/>
					<uint name="辅助"/>
					<uint name=""/>
					<uint name=""/>
					<uint name=""/>
				</Enum>
				<bool name="bFilterGrouped" value="false" refParamName="" useRefParam="false"/>
				<bool name="bFilterSelf" value="false" refParamName="" useRefParam="false"/>
				<bool name="bFilterTarget" value="false" refParamName="" useRefParam="false"/>
				<bool name="bInverse" value="false" refParamName="" useRefParam="false"/>
				<int name="groupActorType" value="0" refParamName="" useRefParam="false"/>
				<int name="groupRadius" value="10000" refParamName="" useRefParam="false"/>
				<bool name="bFilterInTeam" value="false" refParamName="" useRefParam="false"/>
				<int name="teamHeroID" value="0" refParamName="" useRefParam="false"/>
				<bool name="bFilterDiffTeam" value="false" refParamName="" useRefParam="false"/>
				<int name="diffTeamHeroID" value="0" refParamName="" useRefParam="false"/>
				<bool name="bFilterMonsterType" value="false" refParamName="" useRefParam="false"/>
				<int name="monsterTypeMask" value="0" refParamName="" useRefParam="false"/>
				<int name="soldierTypeMask" value="0" refParamName="" useRefParam="false"/>
			</Event>
		</Track>
		<Track trackName="SpawnObjectDuration0" eventType="SpawnObjectDuration" guid="66b6ed25-4de7-48d0-9a89-c28995cecb27" enabled="true" refParamName="" useRefParam="false" r="0.000" g="1.000" b="0.500" execOnForceStopped="false" execOnActionCompleted="false" stopAfterLastEvent="true">
			<Event eventName="SpawnObjectDuration" time="0.000" length="5.000" isDuration="true">
				<TemplateObject name="targetId" objectName="bullet1" id="3" isTemp="true" refParamName="" useRefParam="false"/>
				<TemplateObject name="parentId" objectName="None" id="-1" isTemp="false" refParamName="" useRefParam="false"/>
				<TemplateObject name="objectSpaceId" objectName="target" id="1" isTemp="false" refParamName="" useRefParam="false"/>
				<uint name="RefLiteBulletID" value="0" refParamName="" useRefParam="false"/>
				<bool name="bTargetPosition" value="false" refParamName="" useRefParam="false"/>
				<Vector3i name="targetPosition" x="0" y="0" z="0" refParamName="" useRefParam="false"/>
				<String name="prefabName" value="prefab_characters/commonempty" refParamName="" useRefParam="false"/>
				<bool name="bMoveCollision" value="false" refParamName="" useRefParam="false"/>
				<bool name="recreateExisting" value="true" refParamName="" useRefParam="false"/>
				<bool name="superTranslation" value="false" refParamName="" useRefParam="false"/>
				<bool name="modifyTranslation" value="true" refParamName="" useRefParam="false"/>
				<Vector3i name="translation" x="0" y="0" z="0" refParamName="" useRefParam="false"/>
				<bool name="bHeroEffect" value="false" refParamName="" useRefParam="false"/>
				<bool name="bUseIndicatorDir" value="false" refParamName="" useRefParam="false"/>
				<bool name="modifyDirection" value="true" refParamName="" useRefParam="false"/>
				<Enum name="modifyDirUsage" value="0" refParamName="" useRefParam="false">
					<uint name="当[参考对象]有值时不使用"/>
					<uint name="作为本物体朝向"/>
					<uint name="本物体朝向它"/>
					<uint name=""/>
				</Enum>
				<Vector3i name="direction" x="0" y="0" z="0" refParamName="" useRefParam="false"/>
				<bool name="bRotation" value="false" refParamName="" useRefParam="false"/>
				<int name="yRotation" value="0" refParamName="" useRefParam="false"/>
				<bool name="bUseRecordPos" value="false" refParamName="" useRefParam="false"/>
				<bool name="bUseRecordDir" value="false" refParamName="" useRefParam="false"/>
				<bool name="bChangeMaterialWithParent" value="false" refParamName="" useRefParam="false"/>
				<TemplateObject name="materialParentActorId" objectName="None" id="0" isTemp="false" refParamName="" useRefParam="false"/>
				<bool name="modifyScaling" value="false" refParamName="" useRefParam="false"/>
				<Vector3 name="scaling" x="1.000" y="1.000" z="1.000" refParamName="" useRefParam="false"/>
				<bool name="enableLayer" value="false" refParamName="" useRefParam="false"/>
				<int name="layer" value="0" refParamName="" useRefParam="false"/>
				<bool name="enableTag" value="false" refParamName="" useRefParam="false"/>
				<String name="tag" value="" refParamName="" useRefParam="false"/>
				<bool name="applyActionSpeedToAnimation" value="true" refParamName="" useRefParam="false"/>
				<bool name="applyActionSpeedToParticle" value="true" refParamName="" useRefParam="false"/>
				<int name="sightRadius" value="0" refParamName="" useRefParam="false"/>
				<bool name="bSameVisibleAsAttacker" value="false" refParamName="" useRefParam="false"/>
				<bool name="bUseSkinAdvance" value="false" refParamName="" useRefParam="false"/>
				<bool name="bVisibleByFow" value="true" refParamName="" useRefParam="false"/>
				<TemplateObject name="visionActorId" objectName="None" id="0" isTemp="false" refParamName="" useRefParam="false"/>
				<bool name="bRefreshVision" value="false" refParamName="" useRefParam="false"/>
				<bool name="bInvisibleBullet" value="false" refParamName="" useRefParam="false"/>
				<bool name="bForbidTargetOutOfNavmeshConvexHull" value="false" refParamName="" useRefParam="false"/>
				<bool name="bLayOnNavMesh" value="false" refParamName="" useRefParam="false"/>
				<bool name="bRealTimeSight" value="false" refParamName="" useRefParam="false"/>
				<bool name="bOpenSight" value="false" refParamName="" useRefParam="false"/>
				<int name="bExtraSightRadius" value="0" refParamName="" useRefParam="false"/>
				<bool name="bEnableAnimation" value="false" refParamName="" useRefParam="false"/>
				<bool name="bBlockObj" value="false" refParamName="" useRefParam="false"/>
				<bool name="bUseSkin" value="false" refParamName="" useRefParam="false"/>
				<bool name="bRecordObjPosition" value="false" refParamName="" useRefParam="false"/>
				<TemplateObject name="recordTargeID" objectName="None" id="-1" isTemp="false" refParamName="" useRefParam="false"/>
				<bool name="bOnlyFollowPos" value="false" refParamName="" useRefParam="false"/>
				<TrackObject name="trackId" id="-1" guid="00000000-0000-0000-0000-000000000000" refParamName="" useRefParam="false"/>
				<bool name="bForbidBulletInObstacle" value="false" refParamName="" useRefParam="false"/>
			</Event>
		</Track>
		<Track trackName="TriggerParticle2" eventType="TriggerParticle" guid="0478a5ce-049b-4a61-b404-4d9b52e72972" enabled="false" refParamName="" useRefParam="false" r="0.517" g="0.000" b="1.000" execOnForceStopped="false" execOnActionCompleted="false" stopAfterLastEvent="true">
			<Condition id="0" guid="9541718a-89a3-4080-aa9e-c03f00c39222" status="true"/>
			<Event eventName="TriggerParticle" time="0.000" length="5.000" isDuration="true">
				<TemplateObject name="targetId" objectName="bullet1" id="3" isTemp="false" refParamName="" useRefParam="false"/>
				<TemplateObject name="objectSpaceId" objectName="bullet1" id="3" isTemp="false" refParamName="" useRefParam="false"/>
				<uint name="RefLiteBulletID" value="0" refParamName="" useRefParam="false"/>
				<String name="parentResourceName" value="" refParamName="" useRefParam="false"/>
				<String name="resourceName" value="prefab_skill_effects/hero_skill_effects/166_yasewang/16607/xiangyu_attack_spell03" refParamName="" useRefParam="false"/>
				<String name="resourceName2" value="" refParamName="" useRefParam="false"/>
				<String name="resourceName3" value="" refParamName="" useRefParam="false"/>
				<bool name="dontShowIfNoBindPoint" value="false" refParamName="" useRefParam="false"/>
				<String name="bindPointName" value="" refParamName="" useRefParam="false"/>
				<Vector3 name="bindPosOffset" x="0.000" y="0.000" z="0.000" refParamName="" useRefParam="false"/>
				<bool name="bIsBindPosYRelateBeHitHeight" value="false" refParamName="" useRefParam="false"/>
				<bool name="bBindPosOffsetInWorldSpace" value="false" refParamName="" useRefParam="false"/>
				<EulerAngle name="bindRotOffset" x="0.000" y="0.000" z="0.000" refParamName="" useRefParam="false"/>
				<bool name="bUseRealScaling" value="false" refParamName="" useRefParam="false"/>
				<bool name="useScalingInt" value="false" refParamName="" useRefParam="false"/>
				<Vector3i name="scalingInt" x="10000" y="10000" z="10000" refParamName="" useRefParam="false"/>
				<Vector3 name="scaling" x="1.000" y="1.000" z="1.000" refParamName="" useRefParam="false"/>
				<bool name="bOnlyScaleRoot" value="false" refParamName="" useRefParam="false"/>
				<bool name="bHeroEffect" value="false" refParamName="" useRefParam="false"/>
				<bool name="bEnableOptCull" value="true" refParamName="" useRefParam="false"/>
				<TemplateObject name="lookTargetId" objectName="None" id="-1" isTemp="false" refParamName="" useRefParam="false"/>
				<bool name="bAlwaysLookTarget" value="false" refParamName="" useRefParam="false"/>
				<bool name="bLookTarget" value="false" refParamName="" useRefParam="false"/>
				<bool name="bBulletPos" value="false" refParamName="" useRefParam="false"/>
				<bool name="applyActionSpeedToAnimation" value="false" refParamName="" useRefParam="false"/>
				<bool name="bBulletDir" value="false" refParamName="" useRefParam="false"/>
				<bool name="bBullerPosDir" value="false" refParamName="" useRefParam="false"/>
				<bool name="b1stTickParentRot" value="false" refParamName="" useRefParam="false"/>
				<bool name="bIgnoreWhenHideModel" value="false" refParamName="" useRefParam="false"/>
				<bool name="applyActionSpeedToParticle" value="true" refParamName="" useRefParam="false"/>
				<int name="extend" value="10" refParamName="" useRefParam="false"/>
				<bool name="bOnlyFollowPos" value="false" refParamName="" useRefParam="false"/>
				<bool name="bReplayWhenChangeMesh" value="false" refParamName="" useRefParam="false"/>
				<bool name="bTrailProtect" value="false" refParamName="" useRefParam="false"/>
				<bool name="bKeepChildScale" value="false" refParamName="" useRefParam="false"/>
				<int name="iDelayDisappearTime" value="0" refParamName="" useRefParam="false"/>
				<bool name="bHideWhenDead" value="true" refParamName="" useRefParam="false"/>
				<bool name="bRotateFollowCamera" value="false" refParamName="" useRefParam="false"/>
				<int name="particleScaleGrow" value="0" refParamName="" useRefParam="false"/>
				<bool name="enableMaxFollowTime" value="false" refParamName="" useRefParam="false"/>
				<float name="maxFollowTime" value="0.000" refParamName="" useRefParam="false"/>
				<bool name="bindOnHUD" value="false" refParamName="" useRefParam="false"/>
				<Enum name="showInStatus" value="0" refParamName="" useRefParam="false">
					<uint name="任意状态"/>
					<uint name="Idle状态"/>
					<uint name="移动状态"/>
					<uint name="死亡状态"/>
					<uint name="其他状态"/>
					<uint name="脱战状态"/>
					<uint name="战斗状态"/>
					<uint name="非隐藏在草丛"/>
					<uint name="隐藏在草丛"/>
				</Enum>
				<bool name="bExcludeSpecialActor" value="true" refParamName="" useRefParam="false"/>
				<Enum name="ReplacementUsage" value="0" refParamName="" useRefParam="false">
					<uint name="无"/>
					<uint name="回城特效"/>
					<uint name="击杀特效"/>
					<uint name="泉水加速特效"/>
				</Enum>
				<Enum name="ReplacementSubUsage" value="0" refParamName="" useRefParam="false">
					<uint name="无"/>
					<uint name="回城落地特效"/>
				</Enum>
				<bool name="bNoDynamicLod" value="false" refParamName="" useRefParam="false"/>
				<bool name="bMeshResouce" value="false" refParamName="" useRefParam="false"/>
				<bool name="bAllowEmptyEffect" value="false" refParamName="" useRefParam="false"/>
				<bool name="bSpecialBuffEffect" value="false" refParamName="" useRefParam="false"/>
				<bool name="bActionCtrlObjs" value="false" refParamName="" useRefParam="false"/>
				<bool name="bLayOnNavMesh" value="false" refParamName="" useRefParam="false"/>
				<bool name="bInvisibleSelf" value="false" refParamName="" useRefParam="false"/>
				<bool name="bInvisibleEnemy" value="false" refParamName="" useRefParam="false"/>
				<bool name="bInvisibleTeamNotSelf" value="false" refParamName="" useRefParam="false"/>
				<String name="syncAnimationName" value="" refParamName="" useRefParam="false"/>
				<bool name="bUse3DUICamera" value="false" refParamName="" useRefParam="false"/>
				<bool name="bInvisibleEnemyForTarget" value="false" refParamName="" useRefParam="false"/>
				<bool name="bUseTargetSkinEffect" value="false" refParamName="" useRefParam="false"/>
				<bool name="bUseRootBoneScaling" value="false" refParamName="" useRefParam="false"/>
				<bool name="bReverseRotOffsetWhenCameraMirro" value="true" refParamName="" useRefParam="false"/>
			</Event>
		</Track>
		<Track trackName="TriggerParticle2" eventType="TriggerParticle" guid="f4d64bd1-b717-4ab9-83af-fc0c57be1482" enabled="false" refParamName="" useRefParam="false" r="0.383" g="0.000" b="1.000" execOnForceStopped="false" execOnActionCompleted="false" stopAfterLastEvent="true">
			<Condition id="1" guid="dcff1554-fe15-44e9-88d8-2fc0d5830472" status="true"/>
			<Event eventName="TriggerParticle" time="0.000" length="5.000" isDuration="true">
				<TemplateObject name="targetId" objectName="bullet1" id="3" isTemp="false" refParamName="" useRefParam="false"/>
				<TemplateObject name="objectSpaceId" objectName="bullet1" id="3" isTemp="false" refParamName="" useRefParam="false"/>
				<uint name="RefLiteBulletID" value="0" refParamName="" useRefParam="false"/>
				<String name="parentResourceName" value="" refParamName="" useRefParam="false"/>
				<String name="resourceName" value="prefab_skill_effects/hero_skill_effects/166_yasewang/16607/xiangyu_attack_spell03_e" refParamName="" useRefParam="false"/>
				<String name="resourceName2" value="" refParamName="" useRefParam="false"/>
				<String name="resourceName3" value="" refParamName="" useRefParam="false"/>
				<bool name="dontShowIfNoBindPoint" value="false" refParamName="" useRefParam="false"/>
				<String name="bindPointName" value="" refParamName="" useRefParam="false"/>
				<Vector3 name="bindPosOffset" x="0.000" y="0.000" z="0.000" refParamName="" useRefParam="false"/>
				<bool name="bIsBindPosYRelateBeHitHeight" value="false" refParamName="" useRefParam="false"/>
				<bool name="bBindPosOffsetInWorldSpace" value="false" refParamName="" useRefParam="false"/>
				<EulerAngle name="bindRotOffset" x="0.000" y="0.000" z="0.000" refParamName="" useRefParam="false"/>
				<bool name="bUseRealScaling" value="false" refParamName="" useRefParam="false"/>
				<bool name="useScalingInt" value="false" refParamName="" useRefParam="false"/>
				<Vector3i name="scalingInt" x="10000" y="10000" z="10000" refParamName="" useRefParam="false"/>
				<Vector3 name="scaling" x="2.000" y="2.000" z="2.000" refParamName="" useRefParam="false"/>
				<bool name="bOnlyScaleRoot" value="false" refParamName="" useRefParam="false"/>
				<bool name="bHeroEffect" value="false" refParamName="" useRefParam="false"/>
				<bool name="bEnableOptCull" value="true" refParamName="" useRefParam="false"/>
				<TemplateObject name="lookTargetId" objectName="None" id="-1" isTemp="false" refParamName="" useRefParam="false"/>
				<bool name="bAlwaysLookTarget" value="false" refParamName="" useRefParam="false"/>
				<bool name="bLookTarget" value="false" refParamName="" useRefParam="false"/>
				<bool name="bBulletPos" value="false" refParamName="" useRefParam="false"/>
				<bool name="applyActionSpeedToAnimation" value="false" refParamName="" useRefParam="false"/>
				<bool name="bBulletDir" value="false" refParamName="" useRefParam="false"/>
				<bool name="bBullerPosDir" value="false" refParamName="" useRefParam="false"/>
				<bool name="b1stTickParentRot" value="false" refParamName="" useRefParam="false"/>
				<bool name="bIgnoreWhenHideModel" value="false" refParamName="" useRefParam="false"/>
				<bool name="applyActionSpeedToParticle" value="true" refParamName="" useRefParam="false"/>
				<int name="extend" value="10" refParamName="" useRefParam="false"/>
				<bool name="bOnlyFollowPos" value="false" refParamName="" useRefParam="false"/>
				<bool name="bReplayWhenChangeMesh" value="false" refParamName="" useRefParam="false"/>
				<bool name="bTrailProtect" value="false" refParamName="" useRefParam="false"/>
				<bool name="bKeepChildScale" value="false" refParamName="" useRefParam="false"/>
				<int name="iDelayDisappearTime" value="0" refParamName="" useRefParam="false"/>
				<bool name="bHideWhenDead" value="true" refParamName="" useRefParam="false"/>
				<bool name="bRotateFollowCamera" value="false" refParamName="" useRefParam="false"/>
				<int name="particleScaleGrow" value="0" refParamName="" useRefParam="false"/>
				<bool name="enableMaxFollowTime" value="false" refParamName="" useRefParam="false"/>
				<float name="maxFollowTime" value="0.000" refParamName="" useRefParam="false"/>
				<bool name="bindOnHUD" value="false" refParamName="" useRefParam="false"/>
				<Enum name="showInStatus" value="0" refParamName="" useRefParam="false">
					<uint name="任意状态"/>
					<uint name="Idle状态"/>
					<uint name="移动状态"/>
					<uint name="死亡状态"/>
					<uint name="其他状态"/>
					<uint name="脱战状态"/>
					<uint name="战斗状态"/>
					<uint name="非隐藏在草丛"/>
					<uint name="隐藏在草丛"/>
				</Enum>
				<bool name="bExcludeSpecialActor" value="true" refParamName="" useRefParam="false"/>
				<Enum name="ReplacementUsage" value="0" refParamName="" useRefParam="false">
					<uint name="无"/>
					<uint name="回城特效"/>
					<uint name="击杀特效"/>
					<uint name="泉水加速特效"/>
				</Enum>
				<Enum name="ReplacementSubUsage" value="0" refParamName="" useRefParam="false">
					<uint name="无"/>
					<uint name="回城落地特效"/>
				</Enum>
				<bool name="bNoDynamicLod" value="false" refParamName="" useRefParam="false"/>
				<bool name="bMeshResouce" value="false" refParamName="" useRefParam="false"/>
				<bool name="bAllowEmptyEffect" value="false" refParamName="" useRefParam="false"/>
				<bool name="bSpecialBuffEffect" value="false" refParamName="" useRefParam="false"/>
				<bool name="bActionCtrlObjs" value="false" refParamName="" useRefParam="false"/>
				<bool name="bLayOnNavMesh" value="false" refParamName="" useRefParam="false"/>
				<bool name="bInvisibleSelf" value="false" refParamName="" useRefParam="false"/>
				<bool name="bInvisibleEnemy" value="false" refParamName="" useRefParam="false"/>
				<bool name="bInvisibleTeamNotSelf" value="false" refParamName="" useRefParam="false"/>
				<String name="syncAnimationName" value="" refParamName="" useRefParam="false"/>
				<bool name="bUse3DUICamera" value="false" refParamName="" useRefParam="false"/>
				<bool name="bInvisibleEnemyForTarget" value="false" refParamName="" useRefParam="false"/>
				<bool name="bUseTargetSkinEffect" value="false" refParamName="" useRefParam="false"/>
				<bool name="bUseRootBoneScaling" value="false" refParamName="" useRefParam="false"/>
				<bool name="bReverseRotOffsetWhenCameraMirro" value="true" refParamName="" useRefParam="false"/>
			</Event>
		</Track>
		<Track trackName="SetCollisionTick2" eventType="SetCollisionTick" guid="60bc702f-9611-4bba-85f9-5dadf77cae33" enabled="true" refParamName="" useRefParam="false" r="0.000" g="1.000" b="0.050" execOnForceStopped="false" execOnActionCompleted="false" stopAfterLastEvent="true">
			<Event eventName="SetCollisionTick" time="0.000" isDuration="false">
				<TemplateObject name="targetId" objectName="bullet1" id="3" isTemp="false" refParamName="" useRefParam="false"/>
				<Enum name="type" value="1" refParamName="" useRefParam="false">
					<uint name="BOX"/>
					<uint name="SPHERE"/>
				</Enum>
				<bool name="bIsBlockMonsterType" value="false" refParamName="" useRefParam="false"/>
				<bool name="bIsBlockSoliderLine" value="false" refParamName="" useRefParam="false"/>
				<bool name="bIsBlockJungleMonster" value="false" refParamName="" useRefParam="false"/>
				<bool name="bIsBlockSoliderType" value="false" refParamName="" useRefParam="false"/>
				<bool name="bIsBlockPet" value="false" refParamName="" useRefParam="false"/>
				<Enum name="blockCampType" value="0" refParamName="" useRefParam="false">
					<uint name="阻挡敌对阵营"/>
					<uint name="阻挡自己阵营"/>
					<uint name="阻挡所有阵营"/>
				</Enum>
				<bool name="bVaildBlockForSelfTeamHero" value="false" refParamName="" useRefParam="false"/>
				<bool name="bVaildBlockForEnemyTeamHero" value="false" refParamName="" useRefParam="false"/>
				<Vector3i name="Pos" x="0" y="0" z="0" refParamName="" useRefParam="false"/>
				<Vector3i name="Size" x="0" y="0" z="0" refParamName="" useRefParam="false"/>
				<TemplateObject name="BoxStartPosObj" objectName="None" id="-1" isTemp="false" refParamName="" useRefParam="false"/>
				<TemplateObject name="BoxEndPosObj" objectName="None" id="-1" isTemp="false" refParamName="" useRefParam="false"/>
				<Array name="PosList" refParamName="" useRefParam="false" type="Vector3i"/>
				<int name="Radius" value="3000" refParamName="" useRefParam="false"/>
				<int name="RadiusGrowthValue" value="0" refParamName="" useRefParam="false"/>
				<int name="SectorRadius" value="1000" refParamName="" useRefParam="false"/>
				<int name="SectorExternalRadiusGrowthValue" value="0" refParamName="" useRefParam="false"/>
				<int name="SectorInnerRadius" value="0" refParamName="" useRefParam="false"/>
				<int name="SectorInnerRadiusGrowthValue" value="0" refParamName="" useRefParam="false"/>
				<int name="Height" value="500" refParamName="" useRefParam="false"/>
				<int name="Degree" value="160" refParamName="" useRefParam="false"/>
				<int name="Rotation" value="160" refParamName="" useRefParam="false"/>
				<int name="ExternalRadius" value="0" refParamName="" useRefParam="false"/>
				<int name="ExternalRadiusGrowthValue" value="0" refParamName="" useRefParam="false"/>
				<int name="InnerRadius" value="0" refParamName="" useRefParam="false"/>
				<int name="InnerRadiusGrowthValue" value="0" refParamName="" useRefParam="false"/>
				<bool name="bCheckCollisionY" value="false" refParamName="" useRefParam="false"/>
				<Vector3i name="CollisionScaler" x="0" y="0" z="0" refParamName="" useRefParam="false"/>
			</Event>
		</Track>
		<Track trackName="法术伤害击飞" eventType="HitTriggerDuration" guid="64a3dadb-ab7e-42ef-a21a-6ae32b9f18f5" enabled="true" refParamName="" useRefParam="false" r="0.000" g="1.000" b="0.367" execOnForceStopped="false" execOnActionCompleted="false" stopAfterLastEvent="true">
			<Event eventName="HitTriggerDuration" time="0.000" length="0.500" isDuration="true">
				<TemplateObject name="triggerId" objectName="bullet1" id="3" isTemp="false" refParamName="" useRefParam="false"/>
				<TemplateObject name="attackerId" objectName="self" id="0" isTemp="false" refParamName="" useRefParam="false"/>
				<bool name="bInheritRefParams" value="false" refParamName="" useRefParam="false"/>
				<int name="triggerInterval" value="1000" refParamName="" useRefParam="false"/>
				<int name="TriggerActorInterval" value="1000" refParamName="" useRefParam="false"/>
				<bool name="bFilterEnemy" value="false" refParamName="" useRefParam="false"/>
				<bool name="bFilterFriend" value="true" refParamName="" useRefParam="false"/>
				<bool name="bFilterCamp" value="false" refParamName="" useRefParam="false"/>
				<int name="filterCamp" value="0" refParamName="" useRefParam="false"/>
				<bool name="bFilterHero" value="false" refParamName="" useRefParam="false"/>
				<bool name="bFileterMonter" value="false" refParamName="" useRefParam="false"/>
				<bool name="bFileterOrgan" value="true" refParamName="" useRefParam="false"/>
				<bool name="bFilterEye" value="true" refParamName="" useRefParam="false"/>
				<bool name="bFilterChest" value="true" refParamName="" useRefParam="false"/>
				<bool name="bFilterMyself" value="true" refParamName="" useRefParam="false"/>
				<bool name="bFilterDead" value="true" refParamName="" useRefParam="false"/>
				<bool name="bFilterHeroPet" value="false" refParamName="" useRefParam="false"/>
				<bool name="bFilterDeadControlHero" value="true" refParamName="" useRefParam="false"/>
				<bool name="bFilterCurrentTarget" value="false" refParamName="" useRefParam="false"/>
				<bool name="bFilterMoveDirection" value="false" refParamName="" useRefParam="false"/>
				<int name="Angle" value="-1" refParamName="" useRefParam="false"/>
				<bool name="bOnlyOneKillActor" value="false" refParamName="" useRefParam="false"/>
				<bool name="bOnlyBigMonster" value="false" refParamName="" useRefParam="false"/>
				<bool name="bOnlyMe" value="false" refParamName="" useRefParam="false"/>
				<bool name="bOnlyBullet" value="false" refParamName="" useRefParam="false"/>
				<TemplateObject name="bulletID" objectName="None" id="-1" isTemp="false" refParamName="" useRefParam="false"/>
				<bool name="bFilterCantAttack" value="false" refParamName="" useRefParam="false"/>
				<bool name="bFilterSpecialType1" value="true" refParamName="" useRefParam="false"/>
				<bool name="bFilterSpecialType2" value="true" refParamName="" useRefParam="false"/>
				<bool name="bOnlyBeControledActor" value="false" refParamName="" useRefParam="false"/>
				<bool name="bOnlyPet" value="false" refParamName="" useRefParam="false"/>
				<bool name="bOnlyAttackerPet" value="false" refParamName="" useRefParam="false"/>
				<bool name="bOnlyDeadOrgan" value="false" refParamName="" useRefParam="false"/>
				<bool name="bFilterCanntAttackOrgan" value="true" refParamName="" useRefParam="false"/>
				<int name="TriggerActorCount" value="32" refParamName="" useRefParam="false"/>
				<Enum name="SelectMode" value="0" refParamName="" useRefParam="false">
					<uint name="随机选择"/>
					<uint name="血量选择"/>
					<uint name="按眼的规则选择"/>
					<uint name="距离由近到远选择"/>
				</Enum>
				<bool name="bIsUnifiedListSelect" value="false" refParamName="" useRefParam="false"/>
				<int name="CollideMaxCount" value="1" refParamName="" useRefParam="false"/>
				<int name="MaxTriggerCount" value="-1" refParamName="" useRefParam="false"/>
				<int name="MaxSelfBuffCount" value="-1" refParamName="" useRefParam="false"/>
				<int name="MaxTargetBuffCount" value="-1" refParamName="" useRefParam="false"/>
				<bool name="bTotalHitCount" value="false" refParamName="" useRefParam="false"/>
				<bool name="bEdgeCheck" value="false" refParamName="" useRefParam="false"/>
				<bool name="bExtraBuff" value="false" refParamName="" useRefParam="false"/>
				<int name="SelfSkillCombineID_1" value="0" refParamName="" useRefParam="false"/>
				<int name="SelfSkillCombineID_2" value="0" refParamName="" useRefParam="false"/>
				<int name="SelfSkillCombineID_3" value="0" refParamName="" useRefParam="false"/>
				<int name="TargetSkillCombine_1" value="166390" refParamName="" useRefParam="false"/>
				<bool name="TargetSkillLeaveRemove_1" value="false" refParamName="" useRefParam="false"/>
				<int name="TargetSkillCombine_2" value="0" refParamName="" useRefParam="false"/>
				<bool name="TargetSkillLeaveRemove_2" value="false" refParamName="" useRefParam="false"/>
				<int name="TargetSkillCombine_3" value="0" refParamName="" useRefParam="false"/>
				<bool name="TargetSkillLeaveRemove_3" value="false" refParamName="" useRefParam="false"/>
				<bool name="bTriggerBullet" value="false" refParamName="" useRefParam="false"/>
				<String name="BulletActionName" value="" refParamName="" useRefParam="false"/>
				<bool name="bAgeImmeExcute" value="false" refParamName="" useRefParam="false"/>
				<bool name="bUseTriggerObj" value="true" refParamName="" useRefParam="false"/>
				<bool name="bForceUseTriggerObj" value="false" refParamName="" useRefParam="false"/>
				<bool name="bCheckSight" value="false" refParamName="" useRefParam="false"/>
				<bool name="bTriggerMode" value="false" refParamName="" useRefParam="false"/>
				<bool name="bTriggerBounceBullet" value="false" refParamName="" useRefParam="false"/>
				<bool name="bCheckSkillLevel" value="false" refParamName="" useRefParam="false"/>
				<Enum name="refSkillSlot" value="1" refParamName="" useRefParam="false">
					<uint name="普攻"/>
					<uint name="技能1"/>
					<uint name="技能2"/>
					<uint name="技能3"/>
					<uint name="技能4"/>
					<uint name="天赋技能"/>
					<uint name="老板是贾基"/>
					<uint name="回城"/>
					<uint name="饰品栏技能"/>
					<uint name=""/>
				</Enum>
				<int name="refSkillLevel" value="0" refParamName="" useRefParam="false"/>
				<Enum name="compareOPType" value="3" refParamName="" useRefParam="false">
					<uint name="不比较"/>
					<uint name="小于"/>
					<uint name="小等于"/>
					<uint name="等于"/>
					<uint name="大于"/>
					<uint name="大等于"/>
					<uint name=""/>
				</Enum>
				<bool name="bFilterMajorMonster" value="false" refParamName="" useRefParam="false"/>
				<bool name="bFilterMinorMonster" value="false" refParamName="" useRefParam="false"/>
				<bool name="bFilterSoldier" value="false" refParamName="" useRefParam="false"/>
				<bool name="bFilterOtherMonster" value="false" refParamName="" useRefParam="false"/>
				<bool name="bAddEffectCount" value="true" refParamName="" useRefParam="false"/>
				<bool name="bOverrideParam" value="false" refParamName="" useRefParam="false"/>
				<int name="buffOverrideParam1" value="0" refParamName="" useRefParam="false"/>
				<int name="buffOverrideParam2" value="0" refParamName="" useRefParam="false"/>
				<int name="buffOverrideParam3" value="0" refParamName="" useRefParam="false"/>
				<int name="buffOverrideParam4" value="0" refParamName="" useRefParam="false"/>
				<int name="buffOverrideParam5" value="0" refParamName="" useRefParam="false"/>
				<Array name="filterObjList" refParamName="" useRefParam="false" type="TemplateObject"/>
				<bool name="bFliterTargetObj" value="false" refParamName="" useRefParam="false"/>
				<Enum name="skillHitTag" value="0" refParamName="" useRefParam="false">
					<uint name="无"/>
					<uint name="卡莉计数"/>
				</Enum>
			</Event>
		</Track>
		<Track trackName="持续伤害" eventType="HitTriggerDuration" guid="2d444d36-e0a7-496c-8de7-0e55d959b360" enabled="true" refParamName="" useRefParam="false" r="0.217" g="0.000" b="1.000" execOnForceStopped="false" execOnActionCompleted="false" stopAfterLastEvent="true">
			<Event eventName="HitTriggerDuration" time="0.000" length="5.000" isDuration="true">
				<TemplateObject name="triggerId" objectName="bullet1" id="3" isTemp="false" refParamName="" useRefParam="false"/>
				<TemplateObject name="attackerId" objectName="self" id="0" isTemp="false" refParamName="" useRefParam="false"/>
				<bool name="bInheritRefParams" value="false" refParamName="" useRefParam="false"/>
				<int name="triggerInterval" value="100" refParamName="" useRefParam="false"/>
				<int name="TriggerActorInterval" value="900" refParamName="" useRefParam="false"/>
				<bool name="bFilterEnemy" value="false" refParamName="" useRefParam="false"/>
				<bool name="bFilterFriend" value="true" refParamName="" useRefParam="false"/>
				<bool name="bFilterCamp" value="false" refParamName="" useRefParam="false"/>
				<int name="filterCamp" value="0" refParamName="" useRefParam="false"/>
				<bool name="bFilterHero" value="false" refParamName="" useRefParam="false"/>
				<bool name="bFileterMonter" value="false" refParamName="" useRefParam="false"/>
				<bool name="bFileterOrgan" value="true" refParamName="" useRefParam="false"/>
				<bool name="bFilterEye" value="true" refParamName="" useRefParam="false"/>
				<bool name="bFilterChest" value="true" refParamName="" useRefParam="false"/>
				<bool name="bFilterMyself" value="true" refParamName="" useRefParam="false"/>
				<bool name="bFilterDead" value="true" refParamName="" useRefParam="false"/>
				<bool name="bFilterHeroPet" value="false" refParamName="" useRefParam="false"/>
				<bool name="bFilterDeadControlHero" value="true" refParamName="" useRefParam="false"/>
				<bool name="bFilterCurrentTarget" value="false" refParamName="" useRefParam="false"/>
				<bool name="bFilterMoveDirection" value="false" refParamName="" useRefParam="false"/>
				<int name="Angle" value="-1" refParamName="" useRefParam="false"/>
				<bool name="bOnlyOneKillActor" value="false" refParamName="" useRefParam="false"/>
				<bool name="bOnlyBigMonster" value="false" refParamName="" useRefParam="false"/>
				<bool name="bOnlyMe" value="false" refParamName="" useRefParam="false"/>
				<bool name="bOnlyBullet" value="false" refParamName="" useRefParam="false"/>
				<TemplateObject name="bulletID" objectName="None" id="-1" isTemp="false" refParamName="" useRefParam="false"/>
				<bool name="bFilterCantAttack" value="false" refParamName="" useRefParam="false"/>
				<bool name="bFilterSpecialType1" value="true" refParamName="" useRefParam="false"/>
				<bool name="bFilterSpecialType2" value="true" refParamName="" useRefParam="false"/>
				<bool name="bOnlyBeControledActor" value="false" refParamName="" useRefParam="false"/>
				<bool name="bOnlyPet" value="false" refParamName="" useRefParam="false"/>
				<bool name="bOnlyAttackerPet" value="false" refParamName="" useRefParam="false"/>
				<bool name="bOnlyDeadOrgan" value="false" refParamName="" useRefParam="false"/>
				<bool name="bFilterCanntAttackOrgan" value="true" refParamName="" useRefParam="false"/>
				<int name="TriggerActorCount" value="-1" refParamName="" useRefParam="false"/>
				<Enum name="SelectMode" value="0" refParamName="" useRefParam="false">
					<uint name="随机选择"/>
					<uint name="血量选择"/>
					<uint name="按眼的规则选择"/>
					<uint name="距离由近到远选择"/>
				</Enum>
				<bool name="bIsUnifiedListSelect" value="false" refParamName="" useRefParam="false"/>
				<int name="CollideMaxCount" value="-1" refParamName="" useRefParam="false"/>
				<int name="MaxTriggerCount" value="-1" refParamName="" useRefParam="false"/>
				<int name="MaxSelfBuffCount" value="-1" refParamName="" useRefParam="false"/>
				<int name="MaxTargetBuffCount" value="-1" refParamName="" useRefParam="false"/>
				<bool name="bTotalHitCount" value="false" refParamName="" useRefParam="false"/>
				<bool name="bEdgeCheck" value="false" refParamName="" useRefParam="false"/>
				<bool name="bExtraBuff" value="false" refParamName="" useRefParam="false"/>
				<int name="SelfSkillCombineID_1" value="0" refParamName="" useRefParam="false"/>
				<int name="SelfSkillCombineID_2" value="0" refParamName="" useRefParam="false"/>
				<int name="SelfSkillCombineID_3" value="0" refParamName="" useRefParam="false"/>
				<int name="TargetSkillCombine_1" value="166310" refParamName="" useRefParam="false"/>
				<bool name="TargetSkillLeaveRemove_1" value="false" refParamName="" useRefParam="false"/>
				<int name="TargetSkillCombine_2" value="166130" refParamName="" useRefParam="false"/>
				<bool name="TargetSkillLeaveRemove_2" value="false" refParamName="" useRefParam="false"/>
				<int name="TargetSkillCombine_3" value="0" refParamName="" useRefParam="false"/>
				<bool name="TargetSkillLeaveRemove_3" value="false" refParamName="" useRefParam="false"/>
				<bool name="bTriggerBullet" value="false" refParamName="" useRefParam="false"/>
				<String name="BulletActionName" value="" refParamName="" useRefParam="false"/>
				<bool name="bAgeImmeExcute" value="false" refParamName="" useRefParam="false"/>
				<bool name="bUseTriggerObj" value="true" refParamName="" useRefParam="false"/>
				<bool name="bForceUseTriggerObj" value="false" refParamName="" useRefParam="false"/>
				<bool name="bCheckSight" value="false" refParamName="" useRefParam="false"/>
				<bool name="bTriggerMode" value="false" refParamName="" useRefParam="false"/>
				<bool name="bTriggerBounceBullet" value="false" refParamName="" useRefParam="false"/>
				<bool name="bCheckSkillLevel" value="false" refParamName="" useRefParam="false"/>
				<Enum name="refSkillSlot" value="1" refParamName="" useRefParam="false">
					<uint name="普攻"/>
					<uint name="技能1"/>
					<uint name="技能2"/>
					<uint name="技能3"/>
					<uint name="技能4"/>
					<uint name="天赋技能"/>
					<uint name="老板是贾基"/>
					<uint name="回城"/>
					<uint name="饰品栏技能"/>
					<uint name=""/>
				</Enum>
				<int name="refSkillLevel" value="0" refParamName="" useRefParam="false"/>
				<Enum name="compareOPType" value="3" refParamName="" useRefParam="false">
					<uint name="不比较"/>
					<uint name="小于"/>
					<uint name="小等于"/>
					<uint name="等于"/>
					<uint name="大于"/>
					<uint name="大等于"/>
					<uint name=""/>
				</Enum>
				<bool name="bFilterMajorMonster" value="false" refParamName="" useRefParam="false"/>
				<bool name="bFilterMinorMonster" value="false" refParamName="" useRefParam="false"/>
				<bool name="bFilterSoldier" value="false" refParamName="" useRefParam="false"/>
				<bool name="bFilterOtherMonster" value="false" refParamName="" useRefParam="false"/>
				<bool name="bAddEffectCount" value="true" refParamName="" useRefParam="false"/>
				<bool name="bOverrideParam" value="false" refParamName="" useRefParam="false"/>
				<int name="buffOverrideParam1" value="0" refParamName="" useRefParam="false"/>
				<int name="buffOverrideParam2" value="0" refParamName="" useRefParam="false"/>
				<int name="buffOverrideParam3" value="0" refParamName="" useRefParam="false"/>
				<int name="buffOverrideParam4" value="0" refParamName="" useRefParam="false"/>
				<int name="buffOverrideParam5" value="0" refParamName="" useRefParam="false"/>
				<Array name="filterObjList" refParamName="" useRefParam="false" type="TemplateObject"/>
				<bool name="bFliterTargetObj" value="false" refParamName="" useRefParam="false"/>
				<Enum name="skillHitTag" value="0" refParamName="" useRefParam="false">
					<uint name="无"/>
					<uint name="卡莉计数"/>
				</Enum>
			</Event>
		</Track>
		<Track trackName="TriggerParticleTick0" eventType="TriggerParticleTick" guid="b3baf9cd-b050-4932-aef9-271ed4ef4ce2" enabled="true" refParamName="" useRefParam="false" r="1.000" g="0.000" b="0.600" execOnForceStopped="false" execOnActionCompleted="false" stopAfterLastEvent="true">
			<Condition id="0" guid="9541718a-89a3-4080-aa9e-c03f00c39222" status="true"/>
			<Event eventName="TriggerParticleTick" time="0.000" isDuration="false">
				<TemplateObject name="targetId" objectName="None" id="-1" isTemp="false" refParamName="" useRefParam="false"/>
				<TemplateObject name="objectSpaceId" objectName="bullet1" id="3" isTemp="false" refParamName="" useRefParam="false"/>
				<uint name="RefLiteBulletID" value="0" refParamName="" useRefParam="false"/>
				<bool name="bDonotAttackToMesh" value="false" refParamName="" useRefParam="false"/>
				<String name="parentResourceName" value="" refParamName="" useRefParam="false"/>
				<String name="resourceName" value="prefab_skill_effects/hero_skill_effects/166_yasewang/16607/xiangyu_attack_spell03" refParamName="" useRefParam="false"/>
				<String name="resourceName2" value="" refParamName="" useRefParam="false"/>
				<String name="resourceName3" value="" refParamName="" useRefParam="false"/>
				<float name="lifeTime" value="8.000" refParamName="" useRefParam="false"/>
				<bool name="dontShowIfNoBindPoint" value="false" refParamName="" useRefParam="false"/>
				<String name="bindPointName" value="" refParamName="" useRefParam="false"/>
				<Vector3 name="bindPosOffset" x="0.000" y="0.200" z="0.000" refParamName="" useRefParam="false"/>
				<bool name="bIsBindPosYRelateBeHitHeight" value="false" refParamName="" useRefParam="false"/>
				<EulerAngle name="bindRotOffset" x="0.000" y="0.000" z="0.000" refParamName="" useRefParam="false"/>
				<bool name="bUseRealScaling" value="false" refParamName="" useRefParam="false"/>
				<bool name="useScalingInt" value="false" refParamName="" useRefParam="false"/>
				<Vector3i name="scalingInt" x="10000" y="10000" z="10000" refParamName="" useRefParam="false"/>
				<Vector3 name="scaling" x="1.000" y="1.000" z="1.000" refParamName="" useRefParam="false"/>
				<bool name="bOnlyScaleRoot" value="false" refParamName="" useRefParam="false"/>
				<bool name="bEnableOptCull" value="true" refParamName="" useRefParam="false"/>
				<bool name="bBulletPos" value="false" refParamName="" useRefParam="false"/>
				<TemplateObject name="lookTargetId" objectName="None" id="-1" isTemp="false" refParamName="" useRefParam="false"/>
				<bool name="bBulletDir" value="false" refParamName="" useRefParam="false"/>
				<bool name="applyActionSpeedToAnimation" value="true" refParamName="" useRefParam="false"/>
				<bool name="bBullerPosDir" value="false" refParamName="" useRefParam="false"/>
				<bool name="bUseHeroLocalForward" value="false" refParamName="" useRefParam="false"/>
				<bool name="b1stTickParentRot" value="false" refParamName="" useRefParam="false"/>
				<bool name="applyActionSpeedToParticle" value="true" refParamName="" useRefParam="false"/>
				<int name="extend" value="10" refParamName="" useRefParam="false"/>
				<bool name="bOnlyFollowPos" value="false" refParamName="" useRefParam="false"/>
				<bool name="bRotateFollowCamera" value="false" refParamName="" useRefParam="false"/>
				<int name="particleScaleGrow" value="0" refParamName="" useRefParam="false"/>
				<Enum name="ReplacementUsage" value="0" refParamName="" useRefParam="false">
					<uint name="无"/>
					<uint name="回城特效"/>
					<uint name="击杀特效"/>
					<uint name="泉水加速特效"/>
				</Enum>
				<Enum name="ReplacementSubUsage" value="0" refParamName="" useRefParam="false">
					<uint name="无"/>
					<uint name="回城落地特效"/>
				</Enum>
				<bool name="bNoDynamicLod" value="false" refParamName="" useRefParam="false"/>
				<bool name="bMeshResouce" value="false" refParamName="" useRefParam="false"/>
				<bool name="bAllowEmptyEffect" value="false" refParamName="" useRefParam="false"/>
				<bool name="bActionCtrlObjs" value="false" refParamName="" useRefParam="false"/>
				<bool name="bInvisibleSelf" value="false" refParamName="" useRefParam="false"/>
				<bool name="bInvisibleEnemy" value="false" refParamName="" useRefParam="false"/>
				<bool name="bInvisibleTeamNotSelf" value="false" refParamName="" useRefParam="false"/>
				<bool name="bRandomRotation" value="false" refParamName="" useRefParam="false"/>
				<EulerAngle name="randRotBegin" x="0.000" y="0.000" z="0.000" refParamName="" useRefParam="false"/>
				<EulerAngle name="randRotEnd" x="0.000" y="0.000" z="0.000" refParamName="" useRefParam="false"/>
				<bool name="bReverseXWhenCameraMirro" value="false" refParamName="" useRefParam="false"/>
				<bool name="bUseTargetSkinEffect" value="false" refParamName="" useRefParam="false"/>
			</Event>
		</Track>
		<Track trackName="TriggerParticleTick0" eventType="TriggerParticleTick" guid="3a3abc62-ab0e-403e-9ac4-77338b3cd658" enabled="true" refParamName="" useRefParam="false" r="0.100" g="1.000" b="0.000" execOnForceStopped="false" execOnActionCompleted="false" stopAfterLastEvent="true">
			<Condition id="1" guid="dcff1554-fe15-44e9-88d8-2fc0d5830472" status="true"/>
			<Event eventName="TriggerParticleTick" time="0.000" isDuration="false">
				<TemplateObject name="targetId" objectName="None" id="-1" isTemp="false" refParamName="" useRefParam="false"/>
				<TemplateObject name="objectSpaceId" objectName="bullet1" id="3" isTemp="false" refParamName="" useRefParam="false"/>
				<uint name="RefLiteBulletID" value="0" refParamName="" useRefParam="false"/>
				<bool name="bDonotAttackToMesh" value="false" refParamName="" useRefParam="false"/>
				<String name="parentResourceName" value="" refParamName="" useRefParam="false"/>
				<String name="resourceName" value="prefab_skill_effects/hero_skill_effects/166_yasewang/16607/xiangyu_attack_spell03_e" refParamName="" useRefParam="false"/>
				<String name="resourceName2" value="" refParamName="" useRefParam="false"/>
				<String name="resourceName3" value="" refParamName="" useRefParam="false"/>
				<float name="lifeTime" value="8.000" refParamName="" useRefParam="false"/>
				<bool name="dontShowIfNoBindPoint" value="false" refParamName="" useRefParam="false"/>
				<String name="bindPointName" value="" refParamName="" useRefParam="false"/>
				<Vector3 name="bindPosOffset" x="0.000" y="0.200" z="0.000" refParamName="" useRefParam="false"/>
				<bool name="bIsBindPosYRelateBeHitHeight" value="false" refParamName="" useRefParam="false"/>
				<EulerAngle name="bindRotOffset" x="0.000" y="0.000" z="0.000" refParamName="" useRefParam="false"/>
				<bool name="bUseRealScaling" value="false" refParamName="" useRefParam="false"/>
				<bool name="useScalingInt" value="false" refParamName="" useRefParam="false"/>
				<Vector3i name="scalingInt" x="10000" y="10000" z="10000" refParamName="" useRefParam="false"/>
				<Vector3 name="scaling" x="1.000" y="1.000" z="1.000" refParamName="" useRefParam="false"/>
				<bool name="bOnlyScaleRoot" value="false" refParamName="" useRefParam="false"/>
				<bool name="bEnableOptCull" value="true" refParamName="" useRefParam="false"/>
				<bool name="bBulletPos" value="false" refParamName="" useRefParam="false"/>
				<TemplateObject name="lookTargetId" objectName="None" id="-1" isTemp="false" refParamName="" useRefParam="false"/>
				<bool name="bBulletDir" value="false" refParamName="" useRefParam="false"/>
				<bool name="applyActionSpeedToAnimation" value="true" refParamName="" useRefParam="false"/>
				<bool name="bBullerPosDir" value="false" refParamName="" useRefParam="false"/>
				<bool name="bUseHeroLocalForward" value="false" refParamName="" useRefParam="false"/>
				<bool name="b1stTickParentRot" value="false" refParamName="" useRefParam="false"/>
				<bool name="applyActionSpeedToParticle" value="true" refParamName="" useRefParam="false"/>
				<int name="extend" value="10" refParamName="" useRefParam="false"/>
				<bool name="bOnlyFollowPos" value="false" refParamName="" useRefParam="false"/>
				<bool name="bRotateFollowCamera" value="false" refParamName="" useRefParam="false"/>
				<int name="particleScaleGrow" value="0" refParamName="" useRefParam="false"/>
				<Enum name="ReplacementUsage" value="0" refParamName="" useRefParam="false">
					<uint name="无"/>
					<uint name="回城特效"/>
					<uint name="击杀特效"/>
					<uint name="泉水加速特效"/>
				</Enum>
				<Enum name="ReplacementSubUsage" value="0" refParamName="" useRefParam="false">
					<uint name="无"/>
					<uint name="回城落地特效"/>
				</Enum>
				<bool name="bNoDynamicLod" value="false" refParamName="" useRefParam="false"/>
				<bool name="bMeshResouce" value="false" refParamName="" useRefParam="false"/>
				<bool name="bAllowEmptyEffect" value="false" refParamName="" useRefParam="false"/>
				<bool name="bActionCtrlObjs" value="false" refParamName="" useRefParam="false"/>
				<bool name="bInvisibleSelf" value="false" refParamName="" useRefParam="false"/>
				<bool name="bInvisibleEnemy" value="false" refParamName="" useRefParam="false"/>
				<bool name="bInvisibleTeamNotSelf" value="false" refParamName="" useRefParam="false"/>
				<bool name="bRandomRotation" value="false" refParamName="" useRefParam="false"/>
				<EulerAngle name="randRotBegin" x="0.000" y="0.000" z="0.000" refParamName="" useRefParam="false"/>
				<EulerAngle name="randRotEnd" x="0.000" y="0.000" z="0.000" refParamName="" useRefParam="false"/>
				<bool name="bReverseXWhenCameraMirro" value="false" refParamName="" useRefParam="false"/>
				<bool name="bUseTargetSkinEffect" value="false" refParamName="" useRefParam="false"/>
			</Event>
		</Track>
	</Action>
</Project>

