<?xml version="1.0" encoding="utf-8"?>
<Project>
	<TemplateObjectList>
		<TemplateObject objectName="self" id="0" isTemp="false"/>
		<TemplateObject objectName="target" id="1" isTemp="false"/>
	</TemplateObjectList>
	<RefParamList>
		<Vector3i name="_TargetDir" x="0" y="0" z="0" refParamName="" useRefParam="false"/>
		<Vector3i name="_TargetPos" x="0" y="0" z="0" refParamName="" useRefParam="false"/>
	</RefParamList>
	<Action tag="" length="4.000" loop="false">
		<Track trackName="SetBehaviourModeTick0" eventType="SetBehaviourModeTick" guid="819e314d-de59-4a1d-b234-16a5b2d8a980" enabled="true" refParamName="" useRefParam="false" r="0.000" g="0.917" b="1.000" execOnForceStopped="false" execOnActionCompleted="false" stopAfterLastEvent="true">
			<Event eventName="SetBehaviourModeTick" time="0.000" isDuration="false">
				<TemplateObject name="targetId" objectName="target" id="1" isTemp="false" refParamName="" useRefParam="false"/>
				<bool name="stopMove" value="true" refParamName="" useRefParam="false"/>
				<bool name="clearMove" value="false" refParamName="" useRefParam="false"/>
				<bool name="IsClearSkillCache" value="false" refParamName="" useRefParam="false"/>
				<bool name="stopCurSkill" value="false" refParamName="" useRefParam="false"/>
				<bool name="delayStopCurSkill" value="false" refParamName="" useRefParam="false"/>
				<bool name="deadControl" value="false" refParamName="" useRefParam="false"/>
				<Enum name="eAbortLevel" value="0" refParamName="" useRefParam="false">
					<uint name="不打断"/>
					<uint name="延迟打断"/>
					<uint name="强制打断"/>
				</Enum>
				<bool name="interuptAutoAttack" value="false" refParamName="" useRefParam="false"/>
			</Event>
		</Track>
		<Track trackName="PlayAnimDuration0" eventType="PlayAnimDuration" guid="ebab021a-309f-4eef-8eb2-a8f1e1a64411" enabled="true" refParamName="" useRefParam="false" r="1.000" g="0.000" b="0.350" execOnForceStopped="false" execOnActionCompleted="false" stopAfterLastEvent="true">
			<Event eventName="PlayAnimDuration" time="0.000" length="4.000" isDuration="true">
				<TemplateObject name="targetId" objectName="target" id="1" isTemp="false" refParamName="" useRefParam="false"/>
				<String name="clipName" value="Sacrifice_idle" refParamName="" useRefParam="false"/>
				<bool name="bDontReplaceSameAnim" value="false" refParamName="" useRefParam="false"/>
				<int name="layer" value="1" refParamName="" useRefParam="false"/>
				<int name="subLayer" value="0" refParamName="" useRefParam="false"/>
				<int name="animatorOverrideLayer" value="-1" refParamName="" useRefParam="false"/>
				<bool name="bLoop" value="false" refParamName="" useRefParam="false"/>
				<float name="crossFadeTime" value="0.100" refParamName="" useRefParam="false"/>
				<bool name="bUseFadeOutTime" value="true" refParamName="" useRefParam="false"/>
				<float name="fadeOutTime" value="0.200" refParamName="" useRefParam="false"/>
				<float name="startTime" value="0.000" refParamName="" useRefParam="false"/>
				<float name="endTime" value="99999.000" refParamName="" useRefParam="false"/>
				<bool name="applyActionSpeed" value="true" refParamName="" useRefParam="false"/>
				<bool name="alwaysAnimate" value="false" refParamName="" useRefParam="false"/>
				<bool name="bKeepOldSpeed" value="false" refParamName="" useRefParam="false"/>
				<bool name="bCanNotBeCulled" value="false" refParamName="" useRefParam="false"/>
				<String name="beginClipName" value="" refParamName="" useRefParam="false"/>
				<bool name="bPlayBeginClipName" value="false" refParamName="" useRefParam="false"/>
				<String name="endClipName" value="" refParamName="" useRefParam="false"/>
				<bool name="bPlayEndClipName" value="false" refParamName="" useRefParam="false"/>
				<bool name="bForcePlay" value="false" refParamName="" useRefParam="false"/>
			</Event>
		</Track>
		<Track trackName="ChangeAnimDuration0" eventType="ChangeAnimDuration" guid="d4979b29-ba68-4a02-99cd-f62fd0f81a8c" enabled="false" refParamName="" useRefParam="false" r="0.000" g="1.000" b="0.117" execOnForceStopped="false" execOnActionCompleted="false" stopAfterLastEvent="true">
			<Event eventName="ChangeAnimDuration" time="0.000" length="4.000" isDuration="true">
				<TemplateObject name="targetId" objectName="self" id="0" isTemp="false" refParamName="" useRefParam="false"/>
				<String name="originalAnimName" value="Idle" refParamName="" useRefParam="false"/>
				<String name="changedAnimName" value="Sacrifice" refParamName="" useRefParam="false"/>
				<bool name="bOnlyRecover" value="false" refParamName="" useRefParam="false"/>
				<bool name="bDontChangeIfNotExist" value="false" refParamName="" useRefParam="false"/>
				<bool name="bReplaceSameChange" value="false" refParamName="" useRefParam="false"/>
				<bool name="bChangeBlendTime" value="false" refParamName="" useRefParam="false"/>
				<float name="fadeInBlendTime" value="0.150" refParamName="" useRefParam="false"/>
				<float name="fadeOutBlendTime" value="0.150" refParamName="" useRefParam="false"/>
				<bool name="bloopOverride" value="false" refParamName="" useRefParam="false"/>
				<bool name="bloop" value="" refParamName="" useRefParam="false"/>
				<bool name="bChangeRunAnimBaseSpeed" value="false" refParamName="" useRefParam="false"/>
				<float name="runAnimBaseSpeed" value="1.000" refParamName="" useRefParam="false"/>
				<bool name="bImPlayAnim" value="true" refParamName="" useRefParam="false"/>
				<bool name="bChangeRunAnimation" value="false" refParamName="" useRefParam="false"/>
				<String name="runAnimName1" value="" refParamName="" useRefParam="false"/>
				<int name="startDegree1" value="0" refParamName="" useRefParam="false"/>
				<int name="endDegree1" value="0" refParamName="" useRefParam="false"/>
				<String name="runAnimName2" value="" refParamName="" useRefParam="false"/>
				<int name="startDegree2" value="0" refParamName="" useRefParam="false"/>
				<int name="endDegree2" value="0" refParamName="" useRefParam="false"/>
				<String name="runAnimName3" value="" refParamName="" useRefParam="false"/>
				<int name="startDegree3" value="0" refParamName="" useRefParam="false"/>
				<int name="endDegree3" value="0" refParamName="" useRefParam="false"/>
				<String name="runAnimName4" value="" refParamName="" useRefParam="false"/>
				<int name="startDegree4" value="0" refParamName="" useRefParam="false"/>
				<int name="endDegree4" value="0" refParamName="" useRefParam="false"/>
			</Event>
		</Track>
		<Track trackName="TriggerParticle0" eventType="TriggerParticle" guid="90e67d3f-7db1-4f75-bd59-4fea0f711247" enabled="true" refParamName="" useRefParam="false" r="0.000" g="0.767" b="1.000" execOnForceStopped="false" execOnActionCompleted="false" stopAfterLastEvent="true">
			<Event eventName="TriggerParticle" time="0.000" length="4.000" isDuration="true">
				<TemplateObject name="targetId" objectName="target" id="1" isTemp="false" refParamName="" useRefParam="false"/>
				<TemplateObject name="objectSpaceId" objectName="target" id="1" isTemp="false" refParamName="" useRefParam="false"/>
				<String name="parentResourceName" value="" refParamName="" useRefParam="false"/>
				<String name="resourceName" value="prefab_skill_effects/hero_skill_effects/535_Wish/Grantwish_passive_sacrifice" refParamName="" useRefParam="false"/>
				<String name="resourceName2" value="" refParamName="" useRefParam="false"/>
				<String name="resourceName3" value="" refParamName="" useRefParam="false"/>
				<String name="bindPointName" value="" refParamName="" useRefParam="false"/>
				<bool name="dontShowIfNoBindPoint" value="false" refParamName="" useRefParam="false"/>
				<Vector3 name="bindPosOffset" x="0.000" y="0.000" z="0.000" refParamName="" useRefParam="false"/>
				<bool name="bBindPosOffsetInWorldSpace" value="false" refParamName="" useRefParam="false"/>
				<EulerAngle name="bindRotOffset" x="0.000" y="0.000" z="0.000" refParamName="" useRefParam="false"/>
				<Vector3 name="scaling" x="1.000" y="1.000" z="1.000" refParamName="" useRefParam="false"/>
				<bool name="bUseRealScaling" value="false" refParamName="" useRefParam="false"/>
				<bool name="bEnableOptCull" value="true" refParamName="" useRefParam="false"/>
				<bool name="bHeroEffect" value="false" refParamName="" useRefParam="false"/>
				<bool name="bBullerPosDir" value="false" refParamName="" useRefParam="false"/>
				<TemplateObject name="lookTargetId" objectName="None" id="-1" isTemp="false" refParamName="" useRefParam="false"/>
				<bool name="bAlwaysLookTarget" value="false" refParamName="" useRefParam="false"/>
				<bool name="bLookTarget" value="false" refParamName="" useRefParam="false"/>
				<bool name="applyActionSpeedToParticle" value="true" refParamName="" useRefParam="false"/>
				<bool name="applyActionSpeedToAnimation" value="false" refParamName="" useRefParam="false"/>
				<int name="extend" value="10" refParamName="" useRefParam="false"/>
				<bool name="bOnlyFollowPos" value="false" refParamName="" useRefParam="false"/>
				<bool name="b1stTickParentRot" value="false" refParamName="" useRefParam="false"/>
				<bool name="bHideWhenDead" value="true" refParamName="" useRefParam="false"/>
				<bool name="bRotateFollowCamera" value="false" refParamName="" useRefParam="false"/>
				<bool name="bUse3DUICamera" value="false" refParamName="" useRefParam="false"/>
				<bool name="bUseTargetSkinEffect" value="false" refParamName="" useRefParam="false"/>
				<bool name="bReplayWhenChangeMesh" value="false" refParamName="" useRefParam="false"/>
				<bool name="bTrailProtect" value="false" refParamName="" useRefParam="false"/>
				<bool name="bKeepChildScale" value="false" refParamName="" useRefParam="false"/>
				<int name="iDelayDisappearTime" value="0" refParamName="" useRefParam="false"/>
				<bool name="bBulletPos" value="false" refParamName="" useRefParam="false"/>
				<bool name="bBulletDir" value="false" refParamName="" useRefParam="false"/>
				<int name="particleScaleGrow" value="0" refParamName="" useRefParam="false"/>
				<bool name="enableMaxFollowTime" value="false" refParamName="" useRefParam="false"/>
				<float name="maxFollowTime" value="0.000" refParamName="" useRefParam="false"/>
				<bool name="bindOnHUD" value="false" refParamName="" useRefParam="false"/>
				<Enum name="showInStatus" value="0" refParamName="" useRefParam="false">
					<uint name="任意状态"/>
					<uint name="Idle状态"/>
					<uint name="移动状态"/>
					<uint name="死亡状态"/>
					<uint name="其他状态"/>
					<uint name="脱战状态"/>
					<uint name="战斗状态"/>
					<uint name="非隐藏在草丛"/>
					<uint name="隐藏在草丛"/>
				</Enum>
				<bool name="bExcludeSpecialActor" value="true" refParamName="" useRefParam="false"/>
				<Enum name="ReplacementUsage" value="0" refParamName="" useRefParam="false">
					<uint name="无"/>
					<uint name="回城特效"/>
					<uint name="击杀特效"/>
					<uint name="老板是贾基"/>
				</Enum>
				<Enum name="ReplacementSubUsage" value="0" refParamName="" useRefParam="false">
					<uint name="无"/>
					<uint name="回城落地特效"/>
				</Enum>
				<bool name="bNoDynamicLod" value="false" refParamName="" useRefParam="false"/>
				<bool name="bMeshResouce" value="false" refParamName="" useRefParam="false"/>
				<bool name="bAllowEmptyEffect" value="false" refParamName="" useRefParam="false"/>
				<bool name="bSpecialBuffEffect" value="false" refParamName="" useRefParam="false"/>
			</Event>
		</Track>
		<Track trackName="ForbidAbilityDuration0" eventType="ForbidAbilityDuration" guid="679dda64-a783-4d4e-9765-510426a38ef6" enabled="true" refParamName="" useRefParam="false" r="0.717" g="1.000" b="0.000" execOnForceStopped="false" execOnActionCompleted="false" stopAfterLastEvent="true">
			<Event eventName="ForbidAbilityDuration" time="0.000" length="4.000" isDuration="true">
				<TemplateObject name="attackerId" objectName="target" id="1" isTemp="false" refParamName="" useRefParam="false"/>
				<bool name="forbidMove" value="true" refParamName="" useRefParam="false"/>
				<bool name="forbidSkill" value="true" refParamName="" useRefParam="false"/>
				<bool name="forceForbidding" value="true" refParamName="" useRefParam="false"/>
				<bool name="forbidSkillAndHideBtn" value="false" refParamName="" useRefParam="false"/>
				<bool name="forbidFilterSkill0" value="false" refParamName="" useRefParam="false"/>
				<bool name="forbidFilterSkill1" value="false" refParamName="" useRefParam="false"/>
				<bool name="forbidFilterSkill2" value="false" refParamName="" useRefParam="false"/>
				<bool name="forbidFilterSkill3" value="false" refParamName="" useRefParam="false"/>
				<bool name="forbidFilterSkill4" value="false" refParamName="" useRefParam="false"/>
				<bool name="forbidFilterSkill5" value="false" refParamName="" useRefParam="false"/>
				<bool name="forbidFilterSkill6" value="false" refParamName="" useRefParam="false"/>
				<bool name="forbidFilterSkill7" value="false" refParamName="" useRefParam="false"/>
				<bool name="forbidFilterSkill9" value="false" refParamName="" useRefParam="false"/>
				<bool name="forbidFilterSkill11" value="false" refParamName="" useRefParam="false"/>
				<bool name="forbidFilterSummonerSkill" value="false" refParamName="" useRefParam="false"/>
				<bool name="forbidFilterMapSkill" value="false" refParamName="" useRefParam="false"/>
				<bool name="forbidFilterEquipActiveSkill" value="false" refParamName="" useRefParam="false"/>
				<bool name="forbidFilterActiveSkill" value="false" refParamName="" useRefParam="false"/>
				<bool name="forbidSkillAbort" value="true" refParamName="" useRefParam="false"/>
				<bool name="abortFilterSkill0" value="false" refParamName="" useRefParam="false"/>
				<bool name="abortFilterSkill1" value="false" refParamName="" useRefParam="false"/>
				<bool name="abortFilterSkill2" value="false" refParamName="" useRefParam="false"/>
				<bool name="abortFilterSkill3" value="false" refParamName="" useRefParam="false"/>
				<bool name="abortFilterSkill4" value="false" refParamName="" useRefParam="false"/>
				<bool name="abortFilterSkill5" value="false" refParamName="" useRefParam="false"/>
				<bool name="abortFilterSkill7" value="false" refParamName="" useRefParam="false"/>
				<bool name="abortFilterSkill9" value="false" refParamName="" useRefParam="false"/>
				<bool name="abortFilterSkill11" value="false" refParamName="" useRefParam="false"/>
				<bool name="abortFilterMove" value="false" refParamName="" useRefParam="false"/>
				<bool name="abortFilterDamage" value="false" refParamName="" useRefParam="false"/>
				<bool name="forbidMoveRotate" value="true" refParamName="" useRefParam="false"/>
				<bool name="delaySkillAbort" value="false" refParamName="" useRefParam="false"/>
				<Enum name="protectAbortLevel" value="0" refParamName="" useRefParam="false">
					<uint name="不保护"/>
					<uint name="保护延迟打断"/>
					<uint name="保护强制打断"/>
				</Enum>
				<bool name="ImmuneNegative" value="false" refParamName="" useRefParam="false"/>
				<bool name="ImmuneControl" value="true" refParamName="" useRefParam="false"/>
				<bool name="forbidEnergyRecover" value="false" refParamName="" useRefParam="false"/>
				<bool name="MoveIgnoreObstructArea" value="false" refParamName="" useRefParam="false"/>
				<bool name="forbidCollisionDetection" value="false" refParamName="" useRefParam="false"/>
				<bool name="ImmuneSkillSelect" value="false" refParamName="" useRefParam="false"/>
				<bool name="bReplaceHPBarImmuneSelect" value="false" refParamName="" useRefParam="false"/>
				<bool name="forbidCallBoss" value="false" refParamName="" useRefParam="false"/>
				<bool name="forbidExtraBtnSlot1" value="false" refParamName="" useRefParam="false"/>
			</Event>
		</Track>
		<Track trackName="CheckConditionDuration0" eventType="CheckConditionDuration" guid="2160d44d-70e6-4ab0-b4e1-87a2610926f1" enabled="true" refParamName="" useRefParam="false" r="0.000" g="0.850" b="1.000" execOnForceStopped="false" execOnActionCompleted="false" stopAfterLastEvent="true">
			<Event eventName="CheckConditionDuration" time="0.000" length="4.000" isDuration="true">
				<TrackObject name="trackId" id="-1" guid="00000000-0000-0000-0000-000000000000" refParamName="" useRefParam="false"/>
				<bool name="bHitTargetHero" value="false" refParamName="" useRefParam="false"/>
				<bool name="bTriggerBullet" value="false" refParamName="" useRefParam="false"/>
				<TemplateObject name="targetId" objectName="target" id="1" isTemp="false" refParamName="" useRefParam="false"/>
				<bool name="bActorDead" value="true" refParamName="" useRefParam="false"/>
				<bool name="bActorAlive" value="false" refParamName="" useRefParam="false"/>
				<bool name="bActorFlying" value="false" refParamName="" useRefParam="false"/>
				<bool name="bActorBeControled" value="false" refParamName="" useRefParam="false"/>
				<bool name="bActorSlowdown" value="false" refParamName="" useRefParam="false"/>
				<bool name="bActorInBattle" value="false" refParamName="" useRefParam="false"/>
				<bool name="bActorExitBattle" value="false" refParamName="" useRefParam="false"/>
				<bool name="bActorInAttack" value="false" refParamName="" useRefParam="false"/>
				<bool name="bActorExitAttack" value="false" refParamName="" useRefParam="false"/>
				<bool name="bActorImmuControl" value="false" refParamName="" useRefParam="false"/>
				<bool name="bActorNotImmuControl" value="false" refParamName="" useRefParam="false"/>
				<bool name="bActorLowestCoin" value="false" refParamName="" useRefParam="false"/>
				<int name="lowestCoinRank" value="1" refParamName="" useRefParam="false"/>
				<bool name="bActorLowestExp" value="false" refParamName="" useRefParam="false"/>
				<int name="lowestExpRank" value="1" refParamName="" useRefParam="false"/>
				<bool name="bCoinNumCheck" value="false" refParamName="" useRefParam="false"/>
				<Enum name="operatorMethod" value="0" refParamName="" useRefParam="false">
					<uint name="大于"/>
					<uint name="大于等于"/>
					<uint name="等于"/>
					<uint name="小于等于"/>
					<uint name="小于"/>
				</Enum>
				<int name="coinLimit" value="0" refParamName="" useRefParam="false"/>
				<bool name="bActorMoving" value="false" refParamName="" useRefParam="false"/>
			</Event>
		</Track>
		<Track trackName="StopAction0" eventType="StopAction" guid="86f4515c-057c-406d-b668-a7fd1f0c04a4" enabled="true" refParamName="" useRefParam="false" r="0.217" g="1.000" b="0.000" execOnForceStopped="false" execOnActionCompleted="false" stopAfterLastEvent="true">
			<Condition id="5" guid="2160d44d-70e6-4ab0-b4e1-87a2610926f1" status="true"/>
			<Event eventName="StopAction" time="0.000" isDuration="false"/>
		</Track>
	</Action>
</Project>

