<?xml version="1.0" encoding="utf-8"?>
<Project>
	<TemplateObjectList>
		<TemplateObject objectName="self" id="0" isTemp="false"/>
		<TemplateObject objectName="target" id="1" isTemp="false"/>
	</TemplateObjectList>
	<RefParamList/>
	<Action tag="" length="3.000" loop="false">
		<Track trackName="RegisterEventDuration0" eventType="RegisterEventDuration" guid="e044be79-39d3-4b8d-a0c6-b748595610dc" enabled="true" useRefParam="false" refParamName="" r="0.000" g="1.000" b="0.717" execOnForceStopped="false" execOnActionCompleted="false" stopAfterLastEvent="true">
			<Event eventName="RegisterEventDuration" time="0.000" length="3.000" isDuration="true">
				<TemplateObject name="targetId" objectName="self" id="0" isTemp="false" refParamName="" useRefParam="false"/>
				<Enum name="EventType1" value="5" refParamName="" useRefParam="false">
					<uint name="无"/>
					<uint name="击杀英雄"/>
					<uint name="助攻"/>
					<uint name="死亡"/>
					<uint name="复活"/>
					<uint name="受到伤害"/>
					<uint name="免疫伤害"/>
					<uint name="反弹伤害"/>
					<uint name="所处地形变化"/>
					<uint name="免疫控制"/>
					<uint name="受到控制"/>
					<uint name="进入战斗"/>
					<uint name="退出战斗"/>
					<uint name="使用主动技能"/>
					<uint name="阻挡一次技能"/>
					<uint name="位移"/>
					<uint name="血量扣减"/>
				</Enum>
				<Enum name="EventType2" value="16" refParamName="" useRefParam="false">
					<uint name="无"/>
					<uint name="击杀英雄"/>
					<uint name="助攻"/>
					<uint name="死亡"/>
					<uint name="复活"/>
					<uint name="受到伤害"/>
					<uint name="免疫伤害"/>
					<uint name="反弹伤害"/>
					<uint name="所处地形变化"/>
					<uint name="免疫控制"/>
					<uint name="受到控制"/>
					<uint name="进入战斗"/>
					<uint name="退出战斗"/>
					<uint name="使用主动技能"/>
					<uint name="阻挡一次技能"/>
					<uint name="位移"/>
					<uint name="血量扣减"/>
				</Enum>
				<String name="EventName" value="" refParamName="" useRefParam="false"/>
				<String name="AgeName" value="prefab_characters/prefab_hero/534_Grantwish/skill/P1B01" refParamName="" useRefParam="false"/>
				<String name="customParam0RefName" value="534HPDecrease" refParamName="" useRefParam="false"/>
				<Enum name="ETakeDmgCustomParamType" value="1" refParamName="" useRefParam="false">
					<uint name="最终要扣的血"/>
					<uint name="面板伤害"/>
					<uint name="擦除的伤害"/>
					<uint name=""/>
				</Enum>
				<TemplateObject name="AgeSourceId" objectName="self" id="0" isTemp="false" refParamName="" useRefParam="false"/>
				<TemplateObject name="AgeTargetId" objectName="None" id="-1" isTemp="false" refParamName="" useRefParam="false"/>
				<int name="TriggerCount" value="0" refParamName="" useRefParam="false"/>
				<int name="TriggerInterval" value="3000" refParamName="" useRefParam="false"/>
				<TemplateObject name="sourceId" objectName="None" id="-1" isTemp="false" refParamName="" useRefParam="false"/>
				<Array name="0" refParamName="" useRefParam="false" type="String"/>
				<Array name="AreaPriority" refParamName="" useRefParam="false" type="int"/>
				<bool name="bExtraBuff" value="true" refParamName="" useRefParam="false"/>
				<bool name="bListenAllBuff" value="true" refParamName="" useRefParam="false"/>
				<bool name="bHitFly" value="true" refParamName="" useRefParam="false"/>
				<bool name="bSlowDown" value="true" refParamName="" useRefParam="false"/>
				<bool name="bStun" value="true" refParamName="" useRefParam="false"/>
				<bool name="bFrozen" value="true" refParamName="" useRefParam="false"/>
				<bool name="bSlient" value="true" refParamName="" useRefParam="false"/>
				<bool name="bStone" value="true" refParamName="" useRefParam="false"/>
				<bool name="bTaunt" value="true" refParamName="" useRefParam="false"/>
				<bool name="bFear" value="true" refParamName="" useRefParam="false"/>
				<bool name="bHitBack" value="true" refParamName="" useRefParam="false"/>
				<bool name="bListenAllSlot" value="true" refParamName="" useRefParam="false"/>
				<bool name="bSlot0" value="true" refParamName="" useRefParam="false"/>
				<bool name="bSlot1" value="true" refParamName="" useRefParam="false"/>
				<bool name="bSlot2" value="true" refParamName="" useRefParam="false"/>
				<bool name="bSlot3" value="true" refParamName="" useRefParam="false"/>
			</Event>
		</Track>
	</Action>
</Project>

