<?xml version="1.0" encoding="utf-8"?>
<Project>
	<TemplateObjectList>
		<TemplateObject objectName="self" id="0" isTemp="false"/>
		<TemplateObject objectName="target" id="1" isTemp="false"/>
	</TemplateObjectList>
	<RefParamList>
		<int name="534u1first" value="0" refParamName="" useRefParam="false"/>
		<int name="534U1collect" value="0" refParamName="" useRefParam="false"/>
		<int name="534HP" value="0" refParamName="" useRefParam="false"/>
		<int name="534u1first2" value="0" refParamName="" useRefParam="false"/>
		<Vector3i name="_TargetDir" x="0" y="0" z="0" refParamName="" useRefParam="false"/>
		<Vector3i name="_TargetPos" x="0" y="0" z="0" refParamName="" useRefParam="false"/>
	</RefParamList>
	<Action tag="" length="0.300" loop="false">
		<Track trackName="GetActorPropertyTick0" eventType="GetActorPropertyTick" guid="bbff097b-4111-40f6-815c-d50f36f07c42" enabled="true" refParamName="" useRefParam="false" r="1.000" g="0.183" b="0.000" execOnForceStopped="false" execOnActionCompleted="false" stopAfterLastEvent="true">
			<Event eventName="GetActorPropertyTick" time="0.000" isDuration="false">
				<TemplateObject name="targetId" objectName="self" id="0" isTemp="false" refParamName="" useRefParam="false"/>
				<String name="OutPropertyValueParam" value="534HP" refParamName="" useRefParam="false"/>
				<Enum name="specialPropertyType" value="6" refParamName="" useRefParam="false">
					<uint name="无"/>
					<uint name="已损失生命"/>
					<uint name="已损失生命万分比"/>
					<uint name="已损失法力"/>
					<uint name="已损失法力万分比"/>
					<uint name="当前生命值"/>
					<uint name="最大生命值"/>
					<uint name="额外生命值"/>
					<uint name="当前生命值百分比"/>
					<uint name="当前魔法值"/>
					<uint name="最大魔法值"/>
					<uint name="额外魔法值"/>
					<uint name="当前魔法值百分比"/>
				</Enum>
				<Enum name="propertyType" value="0" refParamName="" useRefParam="false">
					<uint name="无"/>
					<uint name="物理攻击力"/>
					<uint name="法术攻击力"/>
					<uint name="物理防御力"/>
					<uint name="法术防御力"/>
					<uint name="最大生命"/>
					<uint name="暴击率"/>
					<uint name="物理护甲穿透"/>
					<uint name="法术护甲穿透"/>
					<uint name="物理吸血"/>
					<uint name="法术吸血"/>
					<uint name="抗暴率"/>
					<uint name="暴击效果"/>
					<uint name="真实伤害(装备)"/>
					<uint name="真实减伤(装备)"/>
					<uint name="移速"/>
					<uint name="生命回复"/>
					<uint name="韧性"/>
					<uint name="攻速加成"/>
					<uint name="普攻伤害加成"/>
					<uint name="冷却缩减"/>
					<uint name="视野"/>
					<uint name="命中率"/>
					<uint name="闪避率"/>
					<uint name="暴击等级"/>
					<uint name="抗暴等级"/>
					<uint name="物理吸血等级"/>
					<uint name="法术吸血等级"/>
					<uint name="攻速等级"/>
					<uint name="韧性等级"/>
					<uint name="伤害免疫率"/>
					<uint name="伤害输出率"/>
					<uint name="最大能量"/>
					<uint name="能量回复"/>
					<uint name="护甲穿透率"/>
					<uint name="法术穿透率"/>
					<uint name="额外增益恢复"/>
					<uint name="能量消耗削减万分比"/>
					<uint name="能量增加削减系数"/>
					<uint name="最大能量2"/>
					<uint name="能量回复2"/>
				</Enum>
				<Enum name="propertyExtraType" value="0" refParamName="" useRefParam="false">
					<uint name="全部属性"/>
					<uint name="基础属性"/>
					<uint name="额外属性"/>
				</Enum>
				<bool name="needCalculate" value="true" refParamName="" useRefParam="false"/>
				<int name="ratioParam" value="2000" refParamName="" useRefParam="false"/>
			</Event>
		</Track>
		<Track trackName="CalculatorTick0" eventType="CalculatorTick" guid="945a087b-e17f-42ee-bd63-5e3be8345cce" enabled="true" refParamName="" useRefParam="false" r="1.000" g="1.000" b="0.000" execOnForceStopped="false" execOnActionCompleted="false" stopAfterLastEvent="true">
			<Event eventName="CalculatorTick" time="0.000" isDuration="false">
				<Enum name="LeftOperandType" value="0" refParamName="" useRefParam="false">
					<uint name="整数"/>
					<uint name="向量"/>
				</Enum>
				<int name="iLeftInt" value="0" refParamName="534u1first" useRefParam="true"/>
				<Vector3i name="vLeftVector" x="0" y="0" z="0" refParamName="" useRefParam="false"/>
				<Enum name="OperatorType" value="7" refParamName="" useRefParam="false">
					<uint name="加"/>
					<uint name="减"/>
					<uint name="乘"/>
					<uint name="除"/>
					<uint name="内积"/>
					<uint name="两向量的夹角"/>
					<uint name="最大值"/>
					<uint name="最小值"/>
				</Enum>
				<Enum name="RightOperandType" value="0" refParamName="" useRefParam="false">
					<uint name="整数"/>
					<uint name="向量"/>
				</Enum>
				<int name="iRightInt" value="0" refParamName="534HP" useRefParam="true"/>
				<Vector3i name="vRightVector" x="0" y="0" z="0" refParamName="" useRefParam="false"/>
				<String name="OutParamName" value="534u1first2" refParamName="" useRefParam="false"/>
			</Event>
		</Track>
		<Track trackName="CollectDamageDuration0" eventType="CollectDamageDuration" guid="eb59e322-8c2d-4395-905c-1598523ad514" enabled="true" refParamName="" useRefParam="false" r="1.000" g="0.000" b="0.650" execOnForceStopped="false" execOnActionCompleted="false" stopAfterLastEvent="true">
			<Event eventName="CollectDamageDuration" time="0.000" length="0.200" isDuration="true">
				<TemplateObject name="targetId" objectName="self" id="0" isTemp="false" refParamName="" useRefParam="false"/>
				<TemplateObject name="sourceId" objectName="None" id="-1" isTemp="false" refParamName="" useRefParam="false"/>
				<String name="OutDamageValueName" value="534U1collect" refParamName="" useRefParam="false"/>
				<int name="OutDamagePercent" value="10000" refParamName="" useRefParam="false"/>
				<Enum name="DamageType" value="4" refParamName="" useRefParam="false">
					<uint name="物理伤害"/>
					<uint name="魔法伤害"/>
					<uint name="真实伤害"/>
					<uint name="治疗"/>
					<uint name="所有伤害"/>
				</Enum>
				<bool name="bBeforeCalcDef" value="true" refParamName="" useRefParam="false"/>
				<bool name="bIncludeShieldAbsorbed" value="true" refParamName="" useRefParam="false"/>
				<bool name="bIsCollectHpEneryConsume" value="true" refParamName="" useRefParam="false"/>
				<int name="MaxValue" value="2000" refParamName="" useRefParam="false"/>
				<bool name="bMaxHpPct" value="true" refParamName="" useRefParam="false"/>
				<TemplateObject name="maxHpPctTargetId" objectName="self" id="0" isTemp="false" refParamName="" useRefParam="false"/>
				<bool name="bStopWhenReachMax" value="true" refParamName="" useRefParam="false"/>
				<uint name="RecordTimeLimit" value="0" refParamName="" useRefParam="false"/>
			</Event>
		</Track>
		<Track trackName="HitTriggerTick0" eventType="HitTriggerTick" guid="ba600b2e-9e6d-448a-af8e-7397201680b3" enabled="true" refParamName="" useRefParam="false" r="0.050" g="0.000" b="1.000" execOnForceStopped="false" execOnActionCompleted="false" stopAfterLastEvent="true">
			<Event eventName="HitTriggerTick" time="0.200" isDuration="false">
				<TemplateObject name="targetId" objectName="self" id="0" isTemp="false" refParamName="" useRefParam="false"/>
				<TemplateObject name="hitTargetId" objectName="None" id="-1" isTemp="false" refParamName="" useRefParam="false"/>
				<bool name="bInheritRefParams" value="true" refParamName="" useRefParam="false"/>
				<bool name="bulletHit" value="false" refParamName="" useRefParam="false"/>
				<TemplateObject name="victimId" objectName="None" id="-1" isTemp="false" refParamName="" useRefParam="false"/>
				<bool name="lastHit" value="false" refParamName="" useRefParam="false"/>
				<bool name="bSkillCombineChoose" value="false" refParamName="" useRefParam="false"/>
				<int name="SelfSkillCombineID_1" value="534310" refParamName="" useRefParam="false"/>
				<int name="SelfSkillCombineID_2" value="0" refParamName="" useRefParam="false"/>
				<int name="SelfSkillCombineID_3" value="0" refParamName="" useRefParam="false"/>
				<int name="SelfSkillCombineID1Probability" value="0" refParamName="" useRefParam="false"/>
				<int name="SelfSkillCombineID2Probability" value="0" refParamName="" useRefParam="false"/>
				<int name="SelfSkillCombineID3Probability" value="0" refParamName="" useRefParam="false"/>
				<int name="TargetSkillCombine_1" value="0" refParamName="" useRefParam="false"/>
				<int name="TargetSkillCombine_2" value="0" refParamName="" useRefParam="false"/>
				<int name="TargetSkillCombine_3" value="0" refParamName="" useRefParam="false"/>
				<int name="TargetSkillCombineID1Probability" value="0" refParamName="" useRefParam="false"/>
				<int name="TargetSkillCombineID2Probability" value="0" refParamName="" useRefParam="false"/>
				<int name="TargetSkillCombineID3Probability" value="0" refParamName="" useRefParam="false"/>
				<bool name="bCheckSight" value="false" refParamName="" useRefParam="false"/>
				<bool name="bCheckSkillLevel" value="false" refParamName="" useRefParam="false"/>
				<Enum name="refSkillSlot" value="1" refParamName="" useRefParam="false">
					<uint name="普攻"/>
					<uint name="技能1"/>
					<uint name="技能2"/>
					<uint name="技能3"/>
					<uint name="技能4"/>
					<uint name="天赋技能"/>
					<uint name="老板是贾基"/>
					<uint name="回城"/>
					<uint name="饰品栏技能"/>
					<uint name=""/>
					<uint name=""/>
					<uint name=""/>
					<uint name=""/>
				</Enum>
				<int name="refSkillLevel" value="0" refParamName="" useRefParam="false"/>
				<Enum name="compareOPType" value="3" refParamName="" useRefParam="false">
					<uint name="不比较"/>
					<uint name="小于"/>
					<uint name="小等于"/>
					<uint name="等于"/>
					<uint name="大于"/>
					<uint name="大等于"/>
					<uint name=""/>
					<uint name=""/>
					<uint name=""/>
					<uint name=""/>
				</Enum>
				<TemplateObject name="triggerId" objectName="None" id="-1" isTemp="false" refParamName="" useRefParam="false"/>
				<bool name="bExtraBuff" value="false" refParamName="" useRefParam="false"/>
				<bool name="bOverrideParam" value="false" refParamName="" useRefParam="false"/>
				<int name="buffOverrideParam1" value="0" refParamName="" useRefParam="false"/>
				<int name="buffOverrideParam2" value="0" refParamName="" useRefParam="false"/>
				<int name="buffOverrideParam3" value="0" refParamName="" useRefParam="false"/>
				<int name="buffOverrideParam4" value="0" refParamName="" useRefParam="false"/>
				<int name="buffOverrideParam5" value="0" refParamName="" useRefParam="false"/>
				<TemplateObject name="paramTargetId" objectName="None" id="-1" isTemp="false" refParamName="" useRefParam="false"/>
				<TemplateObject name="paramTargetId2" objectName="None" id="-1" isTemp="false" refParamName="" useRefParam="false"/>
			</Event>
		</Track>
		<Track trackName="HitTriggerTick0" eventType="HitTriggerTick" guid="1f04ea8e-aaf1-4664-b63b-066dd2429aef" enabled="true" refParamName="" useRefParam="false" r="0.000" g="1.000" b="0.400" execOnForceStopped="false" execOnActionCompleted="false" stopAfterLastEvent="true">
			<Event eventName="HitTriggerTick" time="0.000" isDuration="false">
				<TemplateObject name="targetId" objectName="self" id="0" isTemp="false" refParamName="" useRefParam="false"/>
				<TemplateObject name="hitTargetId" objectName="None" id="-1" isTemp="false" refParamName="" useRefParam="false"/>
				<bool name="bInheritRefParams" value="true" refParamName="" useRefParam="false"/>
				<bool name="bulletHit" value="false" refParamName="" useRefParam="false"/>
				<TemplateObject name="victimId" objectName="None" id="-1" isTemp="false" refParamName="" useRefParam="false"/>
				<bool name="lastHit" value="false" refParamName="" useRefParam="false"/>
				<bool name="bSkillCombineChoose" value="false" refParamName="" useRefParam="false"/>
				<int name="SelfSkillCombineID_1" value="534320" refParamName="" useRefParam="false"/>
				<int name="SelfSkillCombineID_2" value="0" refParamName="" useRefParam="false"/>
				<int name="SelfSkillCombineID_3" value="0" refParamName="" useRefParam="false"/>
				<int name="SelfSkillCombineID1Probability" value="0" refParamName="" useRefParam="false"/>
				<int name="SelfSkillCombineID2Probability" value="0" refParamName="" useRefParam="false"/>
				<int name="SelfSkillCombineID3Probability" value="0" refParamName="" useRefParam="false"/>
				<int name="TargetSkillCombine_1" value="0" refParamName="" useRefParam="false"/>
				<int name="TargetSkillCombine_2" value="0" refParamName="" useRefParam="false"/>
				<int name="TargetSkillCombine_3" value="0" refParamName="" useRefParam="false"/>
				<int name="TargetSkillCombineID1Probability" value="0" refParamName="" useRefParam="false"/>
				<int name="TargetSkillCombineID2Probability" value="0" refParamName="" useRefParam="false"/>
				<int name="TargetSkillCombineID3Probability" value="0" refParamName="" useRefParam="false"/>
				<bool name="bCheckSight" value="false" refParamName="" useRefParam="false"/>
				<bool name="bCheckSkillLevel" value="false" refParamName="" useRefParam="false"/>
				<Enum name="refSkillSlot" value="1" refParamName="" useRefParam="false">
					<uint name="普攻"/>
					<uint name="技能1"/>
					<uint name="技能2"/>
					<uint name="技能3"/>
					<uint name="技能4"/>
					<uint name="天赋技能"/>
					<uint name="老板是贾基"/>
					<uint name="回城"/>
					<uint name="饰品栏技能"/>
					<uint name=""/>
					<uint name=""/>
					<uint name=""/>
					<uint name=""/>
				</Enum>
				<int name="refSkillLevel" value="0" refParamName="" useRefParam="false"/>
				<Enum name="compareOPType" value="3" refParamName="" useRefParam="false">
					<uint name="不比较"/>
					<uint name="小于"/>
					<uint name="小等于"/>
					<uint name="等于"/>
					<uint name="大于"/>
					<uint name="大等于"/>
					<uint name=""/>
					<uint name=""/>
					<uint name=""/>
					<uint name=""/>
				</Enum>
				<TemplateObject name="triggerId" objectName="None" id="-1" isTemp="false" refParamName="" useRefParam="false"/>
				<bool name="bExtraBuff" value="false" refParamName="" useRefParam="false"/>
				<bool name="bOverrideParam" value="false" refParamName="" useRefParam="false"/>
				<int name="buffOverrideParam1" value="0" refParamName="" useRefParam="false"/>
				<int name="buffOverrideParam2" value="0" refParamName="" useRefParam="false"/>
				<int name="buffOverrideParam3" value="0" refParamName="" useRefParam="false"/>
				<int name="buffOverrideParam4" value="0" refParamName="" useRefParam="false"/>
				<int name="buffOverrideParam5" value="0" refParamName="" useRefParam="false"/>
				<TemplateObject name="paramTargetId" objectName="None" id="-1" isTemp="false" refParamName="" useRefParam="false"/>
				<TemplateObject name="paramTargetId2" objectName="None" id="-1" isTemp="false" refParamName="" useRefParam="false"/>
			</Event>
		</Track>
		<Track trackName="TriggerParticleTick1" eventType="TriggerParticleTick" guid="359550b3-b801-4b60-9ad2-6a5dbd1f14fd" enabled="true" refParamName="" useRefParam="false" r="1.000" g="0.000" b="0.033" execOnForceStopped="false" execOnActionCompleted="false" stopAfterLastEvent="true">
			<Event eventName="TriggerParticleTick" time="0.000" isDuration="false">
				<TemplateObject name="targetId" objectName="self" id="0" isTemp="false" refParamName="" useRefParam="false"/>
				<TemplateObject name="objectSpaceId" objectName="self" id="0" isTemp="false" refParamName="" useRefParam="false"/>
				<bool name="bDonotAttackToMesh" value="false" refParamName="" useRefParam="false"/>
				<String name="parentResourceName" value="" refParamName="" useRefParam="false"/>
				<String name="resourceName" value="prefab_skill_effects/hero_skill_effects/534_Grantwish/53402/Grantwish_skill03_hurt01" refParamName="" useRefParam="false"/>
				<String name="resourceName2" value="" refParamName="" useRefParam="false"/>
				<String name="resourceName3" value="" refParamName="" useRefParam="false"/>
				<float name="lifeTime" value="3.000" refParamName="" useRefParam="false"/>
				<String name="bindPointName" value="" refParamName="" useRefParam="false"/>
				<bool name="dontShowIfNoBindPoint" value="false" refParamName="" useRefParam="false"/>
				<Vector3 name="bindPosOffset" x="0.000" y="0.000" z="0.000" refParamName="" useRefParam="false"/>
				<EulerAngle name="bindRotOffset" x="0.000" y="0.000" z="0.000" refParamName="" useRefParam="false"/>
				<Vector3 name="scaling" x="1.000" y="1.000" z="1.000" refParamName="" useRefParam="false"/>
				<bool name="bUseRealScaling" value="false" refParamName="" useRefParam="false"/>
				<bool name="bEnableOptCull" value="true" refParamName="" useRefParam="false"/>
				<bool name="bBullerPosDir" value="false" refParamName="" useRefParam="false"/>
				<bool name="bUseHeroLocalForward" value="false" refParamName="" useRefParam="false"/>
				<TemplateObject name="lookTargetId" objectName="None" id="-1" isTemp="false" refParamName="" useRefParam="false"/>
				<bool name="applyActionSpeedToParticle" value="true" refParamName="" useRefParam="false"/>
				<bool name="applyActionSpeedToAnimation" value="true" refParamName="" useRefParam="false"/>
				<int name="extend" value="10" refParamName="" useRefParam="false"/>
				<bool name="bOnlyFollowPos" value="false" refParamName="" useRefParam="false"/>
				<bool name="b1stTickParentRot" value="false" refParamName="" useRefParam="false"/>
				<bool name="bRotateFollowCamera" value="false" refParamName="" useRefParam="false"/>
				<bool name="bRandomRotation" value="false" refParamName="" useRefParam="false"/>
				<EulerAngle name="randRotBegin" x="0.000" y="0.000" z="0.000" refParamName="" useRefParam="false"/>
				<EulerAngle name="randRotEnd" x="0.000" y="0.000" z="0.000" refParamName="" useRefParam="false"/>
				<bool name="bUseTargetSkinEffect" value="false" refParamName="" useRefParam="false"/>
				<bool name="bBulletPos" value="false" refParamName="" useRefParam="false"/>
				<bool name="bBulletDir" value="false" refParamName="" useRefParam="false"/>
				<int name="particleScaleGrow" value="0" refParamName="" useRefParam="false"/>
				<Enum name="ReplacementUsage" value="0" refParamName="" useRefParam="false">
					<uint name="无"/>
					<uint name="回城特效"/>
					<uint name="击杀特效"/>
					<uint name="泉水加速特效"/>
				</Enum>
				<Enum name="ReplacementSubUsage" value="0" refParamName="" useRefParam="false">
					<uint name="无"/>
					<uint name="回城落地特效"/>
				</Enum>
				<bool name="bNoDynamicLod" value="false" refParamName="" useRefParam="false"/>
				<bool name="bMeshResouce" value="false" refParamName="" useRefParam="false"/>
				<bool name="bAllowEmptyEffect" value="false" refParamName="" useRefParam="false"/>
				<bool name="bActionCtrlObjs" value="false" refParamName="" useRefParam="false"/>
			</Event>
		</Track>
	</Action>
</Project>

