<?xml version="1.0" encoding="utf-8"?>
<Project>
	<TemplateObjectList>
		<TemplateObject objectName="self" id="0" isTemp="false"/>
		<TemplateObject objectName="target" id="1" isTemp="false"/>
		<TemplateObject objectName="bullet" id="2" isTemp="true"/>
	</TemplateObjectList>
	<RefParamList>
		<Vector3i name="_TargetDir" x="0" y="0" z="0" refParamName="" useRefParam="false"/>
		<Vector3i name="_TargetPos" x="0" y="0" z="0" refParamName="" useRefParam="false"/>
	</RefParamList>
	<Action tag="" length="15.100" loop="false">
		<Track trackName="ChangeActorMeshDuration0" eventType="ChangeActorMeshDuration" guid="f09fd455-b637-4f82-b528-ca6f648d3e99" enabled="true" refParamName="" useRefParam="false" r="1.000" g="0.833" b="0.000" execOnForceStopped="false" execOnActionCompleted="false" stopAfterLastEvent="true">
			<Event eventName="ChangeActorMeshDuration" time="0.000" length="15.000" isDuration="true">
				<TemplateObject name="targetId" objectName="self" id="0" isTemp="false" refParamName="" useRefParam="false"/>
				<String name="prefabName" value="prefab_skill_effects/hero_skill_effects/171_zhangfei/17103/1719_zhangfei" refParamName="" useRefParam="false"/>
				<bool name="bUseOriginalActorMesh" value="false" refParamName="" useRefParam="false"/>
			</Event>
		</Track>
		<Track trackName="TriggerParticle0" eventType="TriggerParticle" guid="6c6aec68-53e4-484f-aaee-a8d72121c443" enabled="true" refParamName="" useRefParam="false" r="0.000" g="0.267" b="1.000" execOnForceStopped="false" execOnActionCompleted="false" stopAfterLastEvent="true">
			<Event eventName="TriggerParticle" time="0.000" length="15.000" isDuration="true">
				<TemplateObject name="targetId" objectName="self" id="0" isTemp="false" refParamName="" useRefParam="false"/>
				<TemplateObject name="objectSpaceId" objectName="self" id="0" isTemp="false" refParamName="" useRefParam="false"/>
				<uint name="RefLiteBulletID" value="0" refParamName="" useRefParam="false"/>
				<String name="parentResourceName" value="" refParamName="" useRefParam="false"/>
				<String name="resourceName" value="prefab_skill_effects/hero_skill_effects/171_zhangfei/17103/zhangfei_loop_01" refParamName="" useRefParam="false"/>
				<String name="resourceName2" value="" refParamName="" useRefParam="false"/>
				<String name="resourceName3" value="" refParamName="" useRefParam="false"/>
				<bool name="dontShowIfNoBindPoint" value="false" refParamName="" useRefParam="false"/>
				<String name="bindPointName" value="Bip001 L Finger1" refParamName="" useRefParam="false"/>
				<bool name="bBindPosOffsetInWorldSpace" value="false" refParamName="" useRefParam="false"/>
				<bool name="bIsBindPosYRelateBeHitHeight" value="false" refParamName="" useRefParam="false"/>
				<Vector3 name="bindPosOffset" x="0.000" y="0.000" z="0.000" refParamName="" useRefParam="false"/>
				<EulerAngle name="bindRotOffset" x="0.000" y="0.000" z="0.000" refParamName="" useRefParam="false"/>
				<bool name="bUseRealScaling" value="false" refParamName="" useRefParam="false"/>
				<bool name="useScalingInt" value="false" refParamName="" useRefParam="false"/>
				<Vector3i name="scalingInt" x="10000" y="10000" z="10000" refParamName="" useRefParam="false"/>
				<Vector3 name="scaling" x="1.000" y="1.000" z="1.000" refParamName="" useRefParam="false"/>
				<bool name="bOnlyScaleRoot" value="false" refParamName="" useRefParam="false"/>
				<bool name="bEnableOptCull" value="true" refParamName="" useRefParam="false"/>
				<bool name="bHeroEffect" value="false" refParamName="" useRefParam="false"/>
				<TemplateObject name="lookTargetId" objectName="None" id="-1" isTemp="false" refParamName="" useRefParam="false"/>
				<bool name="bAlwaysLookTarget" value="false" refParamName="" useRefParam="false"/>
				<bool name="bLookTarget" value="false" refParamName="" useRefParam="false"/>
				<bool name="bBulletPos" value="false" refParamName="" useRefParam="false"/>
				<bool name="applyActionSpeedToAnimation" value="false" refParamName="" useRefParam="false"/>
				<bool name="bBulletDir" value="false" refParamName="" useRefParam="false"/>
				<bool name="bBullerPosDir" value="false" refParamName="" useRefParam="false"/>
				<bool name="applyActionSpeedToParticle" value="true" refParamName="" useRefParam="false"/>
				<bool name="b1stTickParentRot" value="false" refParamName="" useRefParam="false"/>
				<bool name="bUse3DUICamera" value="false" refParamName="" useRefParam="false"/>
				<bool name="bIgnoreWhenHideModel" value="false" refParamName="" useRefParam="false"/>
				<bool name="bUseTargetSkinEffect" value="false" refParamName="" useRefParam="false"/>
				<bool name="bReplayWhenChangeMesh" value="false" refParamName="" useRefParam="false"/>
				<bool name="bTrailProtect" value="false" refParamName="" useRefParam="false"/>
				<bool name="bKeepChildScale" value="false" refParamName="" useRefParam="false"/>
				<int name="extend" value="10" refParamName="" useRefParam="false"/>
				<bool name="bOnlyFollowPos" value="false" refParamName="" useRefParam="false"/>
				<int name="iDelayDisappearTime" value="0" refParamName="" useRefParam="false"/>
				<int name="particleScaleGrow" value="0" refParamName="" useRefParam="false"/>
				<bool name="enableMaxFollowTime" value="false" refParamName="" useRefParam="false"/>
				<float name="maxFollowTime" value="0.000" refParamName="" useRefParam="false"/>
				<bool name="bindOnHUD" value="false" refParamName="" useRefParam="false"/>
				<Enum name="showInStatus" value="0" refParamName="" useRefParam="false">
					<uint name="任意状态"/>
					<uint name="Idle状态"/>
					<uint name="移动状态"/>
					<uint name="死亡状态"/>
					<uint name="其他状态"/>
					<uint name="脱战状态"/>
					<uint name="战斗状态"/>
					<uint name="非隐藏在草丛"/>
					<uint name="隐藏在草丛"/>
				</Enum>
				<bool name="bExcludeSpecialActor" value="true" refParamName="" useRefParam="false"/>
				<Enum name="ReplacementUsage" value="0" refParamName="" useRefParam="false">
					<uint name="无"/>
					<uint name="回城特效"/>
					<uint name="击杀特效"/>
					<uint name="老板是贾基"/>
				</Enum>
				<Enum name="ReplacementSubUsage" value="0" refParamName="" useRefParam="false">
					<uint name="无"/>
					<uint name="回城落地特效"/>
				</Enum>
				<bool name="bNoDynamicLod" value="false" refParamName="" useRefParam="false"/>
				<bool name="bAllowEmptyEffect" value="false" refParamName="" useRefParam="false"/>
				<bool name="bHideWhenDead" value="true" refParamName="" useRefParam="false"/>
				<bool name="bMeshResouce" value="false" refParamName="" useRefParam="false"/>
				<bool name="bRotateFollowCamera" value="false" refParamName="" useRefParam="false"/>
				<bool name="bSpecialBuffEffect" value="false" refParamName="" useRefParam="false"/>
				<bool name="bActionCtrlObjs" value="false" refParamName="" useRefParam="false"/>
				<bool name="bLayOnNavMesh" value="false" refParamName="" useRefParam="false"/>
				<bool name="bInvisibleSelf" value="false" refParamName="" useRefParam="false"/>
				<bool name="bInvisibleEnemy" value="false" refParamName="" useRefParam="false"/>
				<bool name="bInvisibleTeamNotSelf" value="false" refParamName="" useRefParam="false"/>
				<bool name="bInvisibleEnemyForTarget" value="false" refParamName="" useRefParam="false"/>
				<String name="syncAnimationName" value="" refParamName="" useRefParam="false"/>
				<bool name="bUseRootBoneScaling" value="false" refParamName="" useRefParam="false"/>
			</Event>
		</Track>
		<Track trackName="TriggerParticle0" eventType="TriggerParticle" guid="2695b114-634d-49ff-bd75-0733561c867a" enabled="true" refParamName="" useRefParam="false" r="0.250" g="0.000" b="1.000" execOnForceStopped="false" execOnActionCompleted="false" stopAfterLastEvent="true">
			<Event eventName="TriggerParticle" time="0.000" length="15.000" isDuration="true">
				<TemplateObject name="targetId" objectName="self" id="0" isTemp="false" refParamName="" useRefParam="false"/>
				<TemplateObject name="objectSpaceId" objectName="self" id="0" isTemp="false" refParamName="" useRefParam="false"/>
				<uint name="RefLiteBulletID" value="0" refParamName="" useRefParam="false"/>
				<String name="parentResourceName" value="" refParamName="" useRefParam="false"/>
				<String name="resourceName" value="prefab_skill_effects/hero_skill_effects/171_zhangfei/17103/zhangfei_loop_01" refParamName="" useRefParam="false"/>
				<String name="resourceName2" value="" refParamName="" useRefParam="false"/>
				<String name="resourceName3" value="" refParamName="" useRefParam="false"/>
				<bool name="dontShowIfNoBindPoint" value="false" refParamName="" useRefParam="false"/>
				<String name="bindPointName" value="Bip001 R Finger1" refParamName="" useRefParam="false"/>
				<bool name="bBindPosOffsetInWorldSpace" value="false" refParamName="" useRefParam="false"/>
				<bool name="bIsBindPosYRelateBeHitHeight" value="false" refParamName="" useRefParam="false"/>
				<Vector3 name="bindPosOffset" x="0.000" y="0.000" z="0.000" refParamName="" useRefParam="false"/>
				<EulerAngle name="bindRotOffset" x="0.000" y="0.000" z="0.000" refParamName="" useRefParam="false"/>
				<bool name="bUseRealScaling" value="false" refParamName="" useRefParam="false"/>
				<bool name="useScalingInt" value="false" refParamName="" useRefParam="false"/>
				<Vector3i name="scalingInt" x="10000" y="10000" z="10000" refParamName="" useRefParam="false"/>
				<Vector3 name="scaling" x="1.000" y="1.000" z="1.000" refParamName="" useRefParam="false"/>
				<bool name="bOnlyScaleRoot" value="false" refParamName="" useRefParam="false"/>
				<bool name="bEnableOptCull" value="true" refParamName="" useRefParam="false"/>
				<bool name="bHeroEffect" value="false" refParamName="" useRefParam="false"/>
				<TemplateObject name="lookTargetId" objectName="None" id="-1" isTemp="false" refParamName="" useRefParam="false"/>
				<bool name="bAlwaysLookTarget" value="false" refParamName="" useRefParam="false"/>
				<bool name="bLookTarget" value="false" refParamName="" useRefParam="false"/>
				<bool name="bBulletPos" value="false" refParamName="" useRefParam="false"/>
				<bool name="applyActionSpeedToAnimation" value="false" refParamName="" useRefParam="false"/>
				<bool name="bBulletDir" value="false" refParamName="" useRefParam="false"/>
				<bool name="bBullerPosDir" value="false" refParamName="" useRefParam="false"/>
				<bool name="applyActionSpeedToParticle" value="true" refParamName="" useRefParam="false"/>
				<bool name="b1stTickParentRot" value="false" refParamName="" useRefParam="false"/>
				<bool name="bUse3DUICamera" value="false" refParamName="" useRefParam="false"/>
				<bool name="bIgnoreWhenHideModel" value="false" refParamName="" useRefParam="false"/>
				<bool name="bUseTargetSkinEffect" value="false" refParamName="" useRefParam="false"/>
				<bool name="bReplayWhenChangeMesh" value="false" refParamName="" useRefParam="false"/>
				<bool name="bTrailProtect" value="false" refParamName="" useRefParam="false"/>
				<bool name="bKeepChildScale" value="false" refParamName="" useRefParam="false"/>
				<int name="extend" value="10" refParamName="" useRefParam="false"/>
				<bool name="bOnlyFollowPos" value="false" refParamName="" useRefParam="false"/>
				<int name="iDelayDisappearTime" value="0" refParamName="" useRefParam="false"/>
				<int name="particleScaleGrow" value="0" refParamName="" useRefParam="false"/>
				<bool name="enableMaxFollowTime" value="false" refParamName="" useRefParam="false"/>
				<float name="maxFollowTime" value="0.000" refParamName="" useRefParam="false"/>
				<bool name="bindOnHUD" value="false" refParamName="" useRefParam="false"/>
				<Enum name="showInStatus" value="0" refParamName="" useRefParam="false">
					<uint name="任意状态"/>
					<uint name="Idle状态"/>
					<uint name="移动状态"/>
					<uint name="死亡状态"/>
					<uint name="其他状态"/>
					<uint name="脱战状态"/>
					<uint name="战斗状态"/>
					<uint name="非隐藏在草丛"/>
					<uint name="隐藏在草丛"/>
				</Enum>
				<bool name="bExcludeSpecialActor" value="true" refParamName="" useRefParam="false"/>
				<Enum name="ReplacementUsage" value="0" refParamName="" useRefParam="false">
					<uint name="无"/>
					<uint name="回城特效"/>
					<uint name="击杀特效"/>
					<uint name="老板是贾基"/>
				</Enum>
				<Enum name="ReplacementSubUsage" value="0" refParamName="" useRefParam="false">
					<uint name="无"/>
					<uint name="回城落地特效"/>
				</Enum>
				<bool name="bNoDynamicLod" value="false" refParamName="" useRefParam="false"/>
				<bool name="bAllowEmptyEffect" value="false" refParamName="" useRefParam="false"/>
				<bool name="bHideWhenDead" value="true" refParamName="" useRefParam="false"/>
				<bool name="bMeshResouce" value="false" refParamName="" useRefParam="false"/>
				<bool name="bRotateFollowCamera" value="false" refParamName="" useRefParam="false"/>
				<bool name="bSpecialBuffEffect" value="false" refParamName="" useRefParam="false"/>
				<bool name="bActionCtrlObjs" value="false" refParamName="" useRefParam="false"/>
				<bool name="bLayOnNavMesh" value="false" refParamName="" useRefParam="false"/>
				<bool name="bInvisibleSelf" value="false" refParamName="" useRefParam="false"/>
				<bool name="bInvisibleEnemy" value="false" refParamName="" useRefParam="false"/>
				<bool name="bInvisibleTeamNotSelf" value="false" refParamName="" useRefParam="false"/>
				<bool name="bInvisibleEnemyForTarget" value="false" refParamName="" useRefParam="false"/>
				<String name="syncAnimationName" value="" refParamName="" useRefParam="false"/>
				<bool name="bUseRootBoneScaling" value="false" refParamName="" useRefParam="false"/>
			</Event>
		</Track>
		<Track trackName="HitTriggerTick1" eventType="HitTriggerTick" guid="4a2f494b-e716-4e6c-ae49-9f195e3942e9" enabled="true" refParamName="" useRefParam="false" r="0.250" g="0.000" b="1.000" execOnForceStopped="false" execOnActionCompleted="false" stopAfterLastEvent="true">
			<Event eventName="HitTriggerTick" time="0.000" isDuration="false">
				<TemplateObject name="targetId" objectName="self" id="0" isTemp="false" refParamName="" useRefParam="false"/>
				<TemplateObject name="hitTargetId" objectName="None" id="-1" isTemp="false" refParamName="" useRefParam="false"/>
				<bool name="bInheritRefParams" value="false" refParamName="" useRefParam="false"/>
				<TemplateObject name="triggerId" objectName="None" id="-1" isTemp="false" refParamName="" useRefParam="false"/>
				<bool name="bulletHit" value="false" refParamName="" useRefParam="false"/>
				<TemplateObject name="victimId" objectName="None" id="-1" isTemp="false" refParamName="" useRefParam="false"/>
				<bool name="lastHit" value="false" refParamName="" useRefParam="false"/>
				<bool name="bSkillCombineChoose" value="false" refParamName="" useRefParam="false"/>
				<int name="SelfSkillCombineID_1" value="171930" refParamName="" useRefParam="false"/>
				<int name="SelfSkillCombineID_2" value="171940" refParamName="" useRefParam="false"/>
				<int name="SelfSkillCombineID1Probability" value="0" refParamName="" useRefParam="false"/>
				<int name="SelfSkillCombineID2Probability" value="0" refParamName="" useRefParam="false"/>
				<int name="SelfSkillCombineID3Probability" value="0" refParamName="" useRefParam="false"/>
				<int name="SelfSkillCombineID_3" value="0" refParamName="" useRefParam="false"/>
				<int name="TargetSkillCombine_1" value="0" refParamName="" useRefParam="false"/>
				<int name="TargetSkillCombine_2" value="0" refParamName="" useRefParam="false"/>
				<int name="TargetSkillCombineID1Probability" value="0" refParamName="" useRefParam="false"/>
				<int name="TargetSkillCombineID2Probability" value="0" refParamName="" useRefParam="false"/>
				<int name="TargetSkillCombineID3Probability" value="0" refParamName="" useRefParam="false"/>
				<int name="TargetSkillCombine_3" value="0" refParamName="" useRefParam="false"/>
				<bool name="bCheckSight" value="false" refParamName="" useRefParam="false"/>
				<bool name="bCheckSkillLevel" value="false" refParamName="" useRefParam="false"/>
				<Enum name="refSkillSlot" value="1" refParamName="" useRefParam="false">
					<uint name="普攻"/>
					<uint name="技能1"/>
					<uint name="技能2"/>
					<uint name="技能3"/>
					<uint name="技能4"/>
					<uint name="天赋技能"/>
					<uint name="回城"/>
					<uint name="饰品栏技能"/>
					<uint name=""/>
				</Enum>
				<int name="refSkillLevel" value="0" refParamName="" useRefParam="false"/>
				<Enum name="compareOPType" value="3" refParamName="" useRefParam="false">
					<uint name="不比较"/>
					<uint name="小于"/>
					<uint name="小等于"/>
					<uint name="等于"/>
					<uint name="大于"/>
					<uint name="小等于"/>
					<uint name=""/>
				</Enum>
				<bool name="bExtraBuff" value="false" refParamName="" useRefParam="false"/>
				<bool name="bOverrideParam" value="false" refParamName="" useRefParam="false"/>
				<int name="buffOverrideParam1" value="0" refParamName="" useRefParam="false"/>
				<int name="buffOverrideParam2" value="0" refParamName="" useRefParam="false"/>
				<int name="buffOverrideParam3" value="0" refParamName="" useRefParam="false"/>
				<int name="buffOverrideParam4" value="0" refParamName="" useRefParam="false"/>
				<int name="buffOverrideParam5" value="0" refParamName="" useRefParam="false"/>
				<TemplateObject name="paramTargetId" objectName="None" id="-1" isTemp="false" refParamName="" useRefParam="false"/>
				<TemplateObject name="paramTargetId2" objectName="None" id="-1" isTemp="false" refParamName="" useRefParam="false"/>
				<bool name="bUseTargetToHitTargetAsEffectDir" value="false" refParamName="" useRefParam="false"/>
			</Event>
		</Track>
		<Track trackName="TriggerParticleTick0" eventType="TriggerParticleTick" guid="c5dbbb51-057b-43bb-aebf-2f2731d8c5b3" enabled="true" refParamName="" useRefParam="false" r="0.000" g="0.400" b="1.000" execOnForceStopped="false" execOnActionCompleted="false" stopAfterLastEvent="true">
			<Event eventName="TriggerParticleTick" time="0.000" isDuration="false">
				<TemplateObject name="targetId" objectName="self" id="0" isTemp="false" refParamName="" useRefParam="false"/>
				<TemplateObject name="objectSpaceId" objectName="self" id="0" isTemp="false" refParamName="" useRefParam="false"/>
				<uint name="RefLiteBulletID" value="0" refParamName="" useRefParam="false"/>
				<bool name="bDonotAttackToMesh" value="false" refParamName="" useRefParam="false"/>
				<String name="parentResourceName" value="" refParamName="" useRefParam="false"/>
				<String name="resourceName" value="prefab_skill_effects/hero_skill_effects/171_zhangfei/17103/zhangfei_buff_spell03" refParamName="" useRefParam="false"/>
				<String name="resourceName2" value="" refParamName="" useRefParam="false"/>
				<String name="resourceName3" value="" refParamName="" useRefParam="false"/>
				<float name="lifeTime" value="15.000" refParamName="" useRefParam="false"/>
				<bool name="dontShowIfNoBindPoint" value="false" refParamName="" useRefParam="false"/>
				<String name="bindPointName" value="" refParamName="" useRefParam="false"/>
				<Vector3 name="bindPosOffset" x="0.000" y="0.000" z="0.000" refParamName="" useRefParam="false"/>
				<bool name="bIsBindPosYRelateBeHitHeight" value="false" refParamName="" useRefParam="false"/>
				<EulerAngle name="bindRotOffset" x="0.000" y="0.000" z="0.000" refParamName="" useRefParam="false"/>
				<bool name="bUseRealScaling" value="false" refParamName="" useRefParam="false"/>
				<bool name="useScalingInt" value="false" refParamName="" useRefParam="false"/>
				<Vector3i name="scalingInt" x="10000" y="10000" z="10000" refParamName="" useRefParam="false"/>
				<Vector3 name="scaling" x="1.000" y="1.000" z="1.000" refParamName="" useRefParam="false"/>
				<bool name="bOnlyScaleRoot" value="false" refParamName="" useRefParam="false"/>
				<bool name="bEnableOptCull" value="true" refParamName="" useRefParam="false"/>
				<bool name="bUseHeroLocalForward" value="false" refParamName="" useRefParam="false"/>
				<TemplateObject name="lookTargetId" objectName="None" id="-1" isTemp="false" refParamName="" useRefParam="false"/>
				<bool name="bBulletPos" value="false" refParamName="" useRefParam="false"/>
				<bool name="applyActionSpeedToAnimation" value="false" refParamName="" useRefParam="false"/>
				<bool name="bBulletDir" value="false" refParamName="" useRefParam="false"/>
				<bool name="bBullerPosDir" value="false" refParamName="" useRefParam="false"/>
				<bool name="bRandomRotation" value="false" refParamName="" useRefParam="false"/>
				<bool name="b1stTickParentRot" value="false" refParamName="" useRefParam="false"/>
				<EulerAngle name="randRotBegin" x="0.000" y="0.000" z="0.000" refParamName="" useRefParam="false"/>
				<EulerAngle name="randRotEnd" x="0.000" y="0.000" z="0.000" refParamName="" useRefParam="false"/>
				<bool name="bUseTargetSkinEffect" value="false" refParamName="" useRefParam="false"/>
				<int name="particleScaleGrow" value="0" refParamName="" useRefParam="false"/>
				<Enum name="ReplacementUsage" value="0" refParamName="" useRefParam="false">
					<uint name="无"/>
					<uint name="回城特效"/>
					<uint name="击杀特效"/>
					<uint name="老板是贾基"/>
				</Enum>
				<Enum name="ReplacementSubUsage" value="0" refParamName="" useRefParam="false">
					<uint name="无"/>
					<uint name="回城落地特效"/>
				</Enum>
				<bool name="bNoDynamicLod" value="false" refParamName="" useRefParam="false"/>
				<bool name="bAllowEmptyEffect" value="false" refParamName="" useRefParam="false"/>
				<bool name="applyActionSpeedToParticle" value="true" refParamName="" useRefParam="false"/>
				<int name="extend" value="10" refParamName="" useRefParam="false"/>
				<bool name="bOnlyFollowPos" value="false" refParamName="" useRefParam="false"/>
				<bool name="bMeshResouce" value="false" refParamName="" useRefParam="false"/>
				<bool name="bRotateFollowCamera" value="false" refParamName="" useRefParam="false"/>
				<bool name="bActionCtrlObjs" value="false" refParamName="" useRefParam="false"/>
				<bool name="bInvisibleSelf" value="false" refParamName="" useRefParam="false"/>
				<bool name="bInvisibleEnemy" value="false" refParamName="" useRefParam="false"/>
				<bool name="bInvisibleTeamNotSelf" value="false" refParamName="" useRefParam="false"/>
				<bool name="bReverseXWhenCameraMirro" value="false" refParamName="" useRefParam="false"/>
			</Event>
		</Track>
		<Track trackName="SpawnBulletTick0" eventType="SpawnBulletTick" guid="466468f1-3c1e-4bb3-8151-1065daaf9270" enabled="true" refParamName="" useRefParam="false" r="1.000" g="0.000" b="0.683" execOnForceStopped="false" execOnActionCompleted="false" stopAfterLastEvent="true">
			<Event eventName="SpawnBulletTick" time="0.000" isDuration="false">
				<TemplateObject name="targetId" objectName="self" id="0" isTemp="false" refParamName="" useRefParam="false"/>
				<TemplateObject name="targetPosActorId" objectName="None" id="-1" isTemp="true" refParamName="" useRefParam="false"/>
				<TemplateObject name="referenceObjectId" objectName="None" id="-1" isTemp="false" refParamName="" useRefParam="false"/>
				<bool name="bInheritRefParams" value="false" refParamName="" useRefParam="false"/>
				<String name="ActionName" value="prefab_characters/prefab_hero/171_zhangfei/skill/u1b6" refParamName="" useRefParam="false"/>
				<String name="SpecialActionName" value="" refParamName="" useRefParam="false"/>
				<bool name="bIsUseSpecialActionAsCondi" value="false" refParamName="" useRefParam="false"/>
				<bool name="bDeadRemove" value="false" refParamName="" useRefParam="false"/>
				<bool name="bImmeExcute" value="true" refParamName="" useRefParam="false"/>
				<bool name="bAgeEternal" value="false" refParamName="" useRefParam="false"/>
				<int name="bulletTypeId" value="0" refParamName="" useRefParam="false"/>
				<int name="bulletUpperLimit" value="0" refParamName="" useRefParam="false"/>
				<bool name="bSpawnBounceBullet" value="false" refParamName="" useRefParam="false"/>
				<bool name="bUseIndicatorPos" value="false" refParamName="" useRefParam="false"/>
				<Enum name="bulletSkillType" value="0" refParamName="" useRefParam="false">
					<uint name="默认类型_0"/>
					<uint name="允许特殊打断_1"/>
				</Enum>
				<bool name="bAbort" value="false" refParamName="" useRefParam="false"/>
				<bool name="bDestroyedBySpecialBullet" value="false" refParamName="" useRefParam="false"/>
			</Event>
		</Track>
		<Track trackName="SetBehaviourModeTick0" eventType="SetBehaviourModeTick" guid="2b43a05a-2ab1-4f5d-858e-76eb8a0b6888" enabled="true" refParamName="" useRefParam="false" r="0.233" g="0.000" b="1.000" execOnForceStopped="false" execOnActionCompleted="false" stopAfterLastEvent="true">
			<Event eventName="SetBehaviourModeTick" time="0.000" isDuration="false">
				<TemplateObject name="targetId" objectName="self" id="0" isTemp="false" refParamName="" useRefParam="false"/>
				<bool name="stopMove" value="true" refParamName="" useRefParam="false"/>
				<bool name="clearMove" value="false" refParamName="" useRefParam="false"/>
				<bool name="IsClearSkillCache" value="false" refParamName="" useRefParam="false"/>
				<bool name="stopCurSkill" value="false" refParamName="" useRefParam="false"/>
				<bool name="delayStopCurSkill" value="false" refParamName="" useRefParam="false"/>
				<bool name="deadControl" value="false" refParamName="" useRefParam="false"/>
				<Enum name="eAbortLevel" value="0" refParamName="" useRefParam="false">
					<uint name="不打断"/>
					<uint name="延迟打断"/>
					<uint name="强制打断"/>
				</Enum>
				<bool name="interuptAutoAttack" value="false" refParamName="" useRefParam="false"/>
			</Event>
		</Track>
		<Track trackName="ForbidAbilityDuration0" eventType="ForbidAbilityDuration" guid="fa067207-0d47-42f7-bc9d-652fdb5aa5da" enabled="true" refParamName="" useRefParam="false" r="0.000" g="0.533" b="1.000" execOnForceStopped="false" execOnActionCompleted="false" stopAfterLastEvent="true">
			<Event eventName="ForbidAbilityDuration" time="0.000" length="0.800" isDuration="true">
				<TemplateObject name="attackerId" objectName="self" id="0" isTemp="false" refParamName="" useRefParam="false"/>
				<bool name="forbidMove" value="true" refParamName="" useRefParam="false"/>
				<bool name="forbidSkill" value="true" refParamName="" useRefParam="false"/>
				<bool name="forceForbidding" value="false" refParamName="" useRefParam="false"/>
				<bool name="forbidSkillAndHideBtn" value="false" refParamName="" useRefParam="false"/>
				<bool name="forbidFilterSkill0" value="false" refParamName="" useRefParam="false"/>
				<bool name="forbidFilterSkill1" value="false" refParamName="" useRefParam="false"/>
				<bool name="forbidFilterSkill2" value="false" refParamName="" useRefParam="false"/>
				<bool name="forbidFilterSkill3" value="false" refParamName="" useRefParam="false"/>
				<bool name="forbidFilterSkill4" value="false" refParamName="" useRefParam="false"/>
				<bool name="forbidFilterSkill5" value="false" refParamName="" useRefParam="false"/>
				<bool name="forbidFilterSkill6" value="false" refParamName="" useRefParam="false"/>
				<bool name="forbidFilterSkill7" value="false" refParamName="" useRefParam="false"/>
				<bool name="forbidFilterSkill8" value="false" refParamName="" useRefParam="false"/>
				<bool name="forbidFilterSkill9" value="false" refParamName="" useRefParam="false"/>
				<bool name="forbidFilterSkill10" value="false" refParamName="" useRefParam="false"/>
				<bool name="forbidFilterSkill11" value="false" refParamName="" useRefParam="false"/>
				<bool name="forbidFilterSummonerSkill" value="false" refParamName="" useRefParam="false"/>
				<bool name="forbidFilterMapSkill" value="false" refParamName="" useRefParam="false"/>
				<bool name="forbidFilterEquipActiveSkill" value="false" refParamName="" useRefParam="false"/>
				<bool name="forbidFilterActiveSkill" value="false" refParamName="" useRefParam="false"/>
				<bool name="forbidSkillAbort" value="true" refParamName="" useRefParam="false"/>
				<bool name="abortFilterSkill0" value="false" refParamName="" useRefParam="false"/>
				<bool name="abortFilterSkill1" value="false" refParamName="" useRefParam="false"/>
				<bool name="abortFilterSkill2" value="false" refParamName="" useRefParam="false"/>
				<bool name="abortFilterSkill3" value="false" refParamName="" useRefParam="false"/>
				<bool name="abortFilterSkill4" value="false" refParamName="" useRefParam="false"/>
				<bool name="abortFilterSkill5" value="false" refParamName="" useRefParam="false"/>
				<bool name="abortFilterSkill7" value="false" refParamName="" useRefParam="false"/>
				<bool name="abortFilterSkill8" value="false" refParamName="" useRefParam="false"/>
				<bool name="abortFilterSkill9" value="false" refParamName="" useRefParam="false"/>
				<bool name="abortFilterSkill10" value="false" refParamName="" useRefParam="false"/>
				<bool name="abortFilterSkill11" value="false" refParamName="" useRefParam="false"/>
				<bool name="abortFilterMove" value="false" refParamName="" useRefParam="false"/>
				<bool name="abortFilterDamage" value="false" refParamName="" useRefParam="false"/>
				<bool name="forbidMoveRotate" value="false" refParamName="" useRefParam="false"/>
				<bool name="delaySkillAbort" value="true" refParamName="" useRefParam="false"/>
				<Enum name="protectAbortLevel" value="0" refParamName="" useRefParam="false">
					<uint name="不保护"/>
					<uint name="保护延迟打断"/>
					<uint name="保护强制打断"/>
				</Enum>
				<bool name="ImmuneNegative" value="false" refParamName="" useRefParam="false"/>
				<bool name="ImmuneControl" value="false" refParamName="" useRefParam="false"/>
				<bool name="forbidEnergyRecover" value="true" refParamName="" useRefParam="false"/>
				<bool name="MoveIgnoreObstructArea" value="false" refParamName="" useRefParam="false"/>
				<bool name="ImmuneSkillSelect" value="false" refParamName="" useRefParam="false"/>
				<bool name="forbidCallBoss" value="false" refParamName="" useRefParam="false"/>
				<bool name="bReplaceHPBarImmuneSelect" value="false" refParamName="" useRefParam="false"/>
				<bool name="forbidExtraBtnSlot1" value="false" refParamName="" useRefParam="false"/>
				<bool name="forbidCollisionDetection" value="false" refParamName="" useRefParam="false"/>
				<bool name="bForceClearSkillIndicator" value="false" refParamName="" useRefParam="false"/>
			</Event>
		</Track>
		<Track trackName="ForbidAbilityDuration0" eventType="ForbidAbilityDuration" guid="53f661b9-59f3-4696-bc54-7956c26b1943" enabled="true" refParamName="" useRefParam="false" r="0.333" g="0.000" b="1.000" execOnForceStopped="false" execOnActionCompleted="false" stopAfterLastEvent="true">
			<Event eventName="ForbidAbilityDuration" time="0.800" length="14.200" isDuration="true">
				<TemplateObject name="attackerId" objectName="self" id="0" isTemp="false" refParamName="" useRefParam="false"/>
				<bool name="forbidMove" value="false" refParamName="" useRefParam="false"/>
				<bool name="forbidSkill" value="true" refParamName="" useRefParam="false"/>
				<bool name="forceForbidding" value="false" refParamName="" useRefParam="false"/>
				<bool name="forbidSkillAndHideBtn" value="false" refParamName="" useRefParam="false"/>
				<bool name="forbidFilterSkill0" value="true" refParamName="" useRefParam="false"/>
				<bool name="forbidFilterSkill1" value="true" refParamName="" useRefParam="false"/>
				<bool name="forbidFilterSkill2" value="true" refParamName="" useRefParam="false"/>
				<bool name="forbidFilterSkill3" value="false" refParamName="" useRefParam="false"/>
				<bool name="forbidFilterSkill4" value="true" refParamName="" useRefParam="false"/>
				<bool name="forbidFilterSkill5" value="true" refParamName="" useRefParam="false"/>
				<bool name="forbidFilterSkill6" value="true" refParamName="" useRefParam="false"/>
				<bool name="forbidFilterSkill7" value="true" refParamName="" useRefParam="false"/>
				<bool name="forbidFilterSkill8" value="true" refParamName="" useRefParam="false"/>
				<bool name="forbidFilterSkill9" value="true" refParamName="" useRefParam="false"/>
				<bool name="forbidFilterSkill10" value="true" refParamName="" useRefParam="false"/>
				<bool name="forbidFilterSkill11" value="true" refParamName="" useRefParam="false"/>
				<bool name="forbidFilterSummonerSkill" value="true" refParamName="" useRefParam="false"/>
				<bool name="forbidFilterMapSkill" value="true" refParamName="" useRefParam="false"/>
				<bool name="forbidFilterEquipActiveSkill" value="true" refParamName="" useRefParam="false"/>
				<bool name="forbidFilterActiveSkill" value="false" refParamName="" useRefParam="false"/>
				<bool name="forbidSkillAbort" value="true" refParamName="" useRefParam="false"/>
				<bool name="abortFilterSkill0" value="false" refParamName="" useRefParam="false"/>
				<bool name="abortFilterSkill1" value="false" refParamName="" useRefParam="false"/>
				<bool name="abortFilterSkill2" value="false" refParamName="" useRefParam="false"/>
				<bool name="abortFilterSkill3" value="false" refParamName="" useRefParam="false"/>
				<bool name="abortFilterSkill4" value="false" refParamName="" useRefParam="false"/>
				<bool name="abortFilterSkill5" value="false" refParamName="" useRefParam="false"/>
				<bool name="abortFilterSkill7" value="false" refParamName="" useRefParam="false"/>
				<bool name="abortFilterSkill8" value="false" refParamName="" useRefParam="false"/>
				<bool name="abortFilterSkill9" value="false" refParamName="" useRefParam="false"/>
				<bool name="abortFilterSkill10" value="false" refParamName="" useRefParam="false"/>
				<bool name="abortFilterSkill11" value="false" refParamName="" useRefParam="false"/>
				<bool name="abortFilterMove" value="false" refParamName="" useRefParam="false"/>
				<bool name="abortFilterDamage" value="false" refParamName="" useRefParam="false"/>
				<bool name="forbidMoveRotate" value="false" refParamName="" useRefParam="false"/>
				<bool name="delaySkillAbort" value="false" refParamName="" useRefParam="false"/>
				<Enum name="protectAbortLevel" value="0" refParamName="" useRefParam="false">
					<uint name="不保护"/>
					<uint name="保护延迟打断"/>
					<uint name="保护强制打断"/>
				</Enum>
				<bool name="ImmuneNegative" value="false" refParamName="" useRefParam="false"/>
				<bool name="ImmuneControl" value="false" refParamName="" useRefParam="false"/>
				<bool name="forbidEnergyRecover" value="true" refParamName="" useRefParam="false"/>
				<bool name="MoveIgnoreObstructArea" value="false" refParamName="" useRefParam="false"/>
				<bool name="ImmuneSkillSelect" value="false" refParamName="" useRefParam="false"/>
				<bool name="forbidCallBoss" value="false" refParamName="" useRefParam="false"/>
				<bool name="bReplaceHPBarImmuneSelect" value="false" refParamName="" useRefParam="false"/>
				<bool name="forbidExtraBtnSlot1" value="false" refParamName="" useRefParam="false"/>
				<bool name="forbidCollisionDetection" value="false" refParamName="" useRefParam="false"/>
				<bool name="bForceClearSkillIndicator" value="false" refParamName="" useRefParam="false"/>
			</Event>
		</Track>
		<Track trackName="PlayAnimDuration1" eventType="PlayAnimDuration" guid="2073a433-a4cd-4903-918a-4372fa0dcd51" enabled="true" refParamName="" useRefParam="false" r="0.000" g="1.000" b="0.167" execOnForceStopped="false" execOnActionCompleted="false" stopAfterLastEvent="true">
			<Event eventName="PlayAnimDuration" time="0.000" length="0.800" isDuration="true">
				<TemplateObject name="targetId" objectName="self" id="0" isTemp="false" refParamName="" useRefParam="false"/>
				<String name="clipName" value="Spell3" refParamName="" useRefParam="false"/>
				<bool name="bDontReplaceSameAnim" value="false" refParamName="" useRefParam="false"/>
				<int name="layer" value="2" refParamName="" useRefParam="false"/>
				<int name="subLayer" value="0" refParamName="" useRefParam="false"/>
				<int name="animatorOverrideLayer" value="-1" refParamName="" useRefParam="false"/>
				<bool name="bLoop" value="false" refParamName="" useRefParam="false"/>
				<float name="crossFadeTime" value="0.100" refParamName="" useRefParam="false"/>
				<bool name="bUseFadeOutTime" value="false" refParamName="" useRefParam="false"/>
				<float name="fadeOutTime" value="0.000" refParamName="" useRefParam="false"/>
				<float name="startTime" value="0.000" refParamName="" useRefParam="false"/>
				<float name="endTime" value="99999.000" refParamName="" useRefParam="false"/>
				<bool name="applyActionSpeed" value="false" refParamName="" useRefParam="false"/>
				<bool name="alwaysAnimate" value="false" refParamName="" useRefParam="false"/>
				<bool name="bKeepOldSpeed" value="false" refParamName="" useRefParam="false"/>
				<bool name="bCanNotBeCulled" value="false" refParamName="" useRefParam="false"/>
				<String name="beginClipName" value="" refParamName="" useRefParam="false"/>
				<bool name="bPlayBeginClipName" value="false" refParamName="" useRefParam="false"/>
				<String name="endClipName" value="" refParamName="" useRefParam="false"/>
				<bool name="bPlayEndClipName" value="false" refParamName="" useRefParam="false"/>
				<bool name="bForcePlay" value="false" refParamName="" useRefParam="false"/>
				<float name="animSpeedRate" value="1.000" refParamName="" useRefParam="false"/>
			</Event>
		</Track>
		<Track trackName="SkillCDTriggerTick0" eventType="SkillCDTriggerTick" guid="d38ddf05-7b79-4c5a-85f3-6686fa9f92e1" enabled="true" refParamName="" useRefParam="false" r="0.650" g="1.000" b="0.000" execOnForceStopped="false" execOnActionCompleted="true" stopAfterLastEvent="true">
			<Event eventName="SkillCDTriggerTick" time="0.000" isDuration="false">
				<TemplateObject name="targetId" objectName="self" id="0" isTemp="false" refParamName="" useRefParam="false"/>
				<bool name="useSlotType" value="false" refParamName="" useRefParam="false"/>
				<Enum name="slotType" value="0" refParamName="" useRefParam="false">
					<uint name="普通"/>
					<uint name="技能1"/>
					<uint name="技能2"/>
					<uint name="技能3"/>
					<uint name="技能4"/>
				</Enum>
				<bool name="forbidTriggerRepeatedly" value="false" refParamName="" useRefParam="false"/>
				<int name="overrideCDValue" value="0" refParamName="" useRefParam="false"/>
				<int name="triggerRatio" value="0" refParamName="" useRefParam="false"/>
			</Event>
		</Track>
		<Track trackName="ChangeSkillTriggerTick0" eventType="ChangeSkillTriggerTick" guid="75fd2a79-c642-4016-a571-8b2cc07e4dee" enabled="true" refParamName="" useRefParam="false" r="0.000" g="0.750" b="1.000" execOnForceStopped="false" execOnActionCompleted="false" stopAfterLastEvent="true">
			<Event eventName="ChangeSkillTriggerTick" time="0.600" isDuration="false">
				<TemplateObject name="targetId" objectName="self" id="0" isTemp="false" refParamName="" useRefParam="false"/>
				<bool name="bCurrentSkill" value="false" refParamName="" useRefParam="false"/>
				<Enum name="slotType" value="0" refParamName="" useRefParam="false">
					<uint name="普通"/>
					<uint name="技能1"/>
					<uint name="技能2"/>
					<uint name="技能3"/>
					<uint name="技能4"/>
				</Enum>
				<int name="effectTime" value="15050" refParamName="" useRefParam="false"/>
				<int name="changeSkillID" value="17103" refParamName="" useRefParam="false"/>
				<int name="changeSkillID2" value="0" refParamName="" useRefParam="false"/>
				<int name="changeSkillID3" value="0" refParamName="" useRefParam="false"/>
				<int name="changeSkillID4" value="0" refParamName="" useRefParam="false"/>
				<bool name="bUseCombo" value="true" refParamName="" useRefParam="false"/>
				<int name="changeSkillID1Probability" value="100" refParamName="" useRefParam="false"/>
				<int name="changeSkillID2Probability" value="100" refParamName="" useRefParam="false"/>
				<int name="changeSkillID3Probability" value="100" refParamName="" useRefParam="false"/>
				<bool name="bUseSkillLevel" value="false" refParamName="" useRefParam="false"/>
				<int name="changeSkillID4Probability" value="100" refParamName="" useRefParam="false"/>
				<int name="recoverSkillID" value="17100" refParamName="" useRefParam="false"/>
				<bool name="bCheckCondition" value="false" refParamName="" useRefParam="false"/>
				<bool name="bOvertimeCD" value="false" refParamName="" useRefParam="false"/>
				<bool name="bSendEvent" value="false" refParamName="" useRefParam="false"/>
				<bool name="bAbort" value="false" refParamName="" useRefParam="false"/>
				<bool name="bUseStop" value="true" refParamName="" useRefParam="false"/>
				<TemplateObject name="attackTargetId" objectName="None" id="-1" isTemp="false" refParamName="" useRefParam="false"/>
				<bool name="unIntiSkillSlotIfSkillIDNULL" value="false" refParamName="" useRefParam="false"/>
				<Enum name="refSkillSlot" value="1" refParamName="" useRefParam="false">
					<uint name="普攻"/>
					<uint name="技能1"/>
					<uint name="技能2"/>
					<uint name="技能3"/>
					<uint name="技能4"/>
					<uint name="天赋技能"/>
					<uint name="回城"/>
					<uint name="饰品栏技能"/>
					<uint name=""/>
				</Enum>
				<int name="level0Id" value="0" refParamName="" useRefParam="false"/>
				<int name="level1Id" value="0" refParamName="" useRefParam="false"/>
				<int name="level2Id" value="0" refParamName="" useRefParam="false"/>
				<int name="level3Id" value="0" refParamName="" useRefParam="false"/>
				<int name="level4Id" value="0" refParamName="" useRefParam="false"/>
				<int name="level5Id" value="0" refParamName="" useRefParam="false"/>
				<int name="level6Id" value="0" refParamName="" useRefParam="false"/>
				<bool name="bOtherSkillAbort" value="false" refParamName="" useRefParam="false"/>
			</Event>
		</Track>
		<Track trackName="ChangeSkillTriggerTick0" eventType="ChangeSkillTriggerTick" guid="109175cb-6868-41e2-a9ee-066efd7f72c4" enabled="true" refParamName="" useRefParam="false" r="0.967" g="1.000" b="0.000" execOnForceStopped="false" execOnActionCompleted="false" stopAfterLastEvent="true">
			<Event eventName="ChangeSkillTriggerTick" time="0.600" isDuration="false">
				<TemplateObject name="targetId" objectName="self" id="0" isTemp="false" refParamName="" useRefParam="false"/>
				<bool name="bCurrentSkill" value="false" refParamName="" useRefParam="false"/>
				<Enum name="slotType" value="1" refParamName="" useRefParam="false">
					<uint name="普通"/>
					<uint name="技能1"/>
					<uint name="技能2"/>
					<uint name="技能3"/>
					<uint name="技能4"/>
				</Enum>
				<int name="effectTime" value="15050" refParamName="" useRefParam="false"/>
				<int name="changeSkillID" value="17111" refParamName="" useRefParam="false"/>
				<int name="changeSkillID2" value="0" refParamName="" useRefParam="false"/>
				<int name="changeSkillID3" value="0" refParamName="" useRefParam="false"/>
				<int name="changeSkillID4" value="0" refParamName="" useRefParam="false"/>
				<bool name="bUseCombo" value="true" refParamName="" useRefParam="false"/>
				<int name="changeSkillID1Probability" value="100" refParamName="" useRefParam="false"/>
				<int name="changeSkillID2Probability" value="100" refParamName="" useRefParam="false"/>
				<int name="changeSkillID3Probability" value="100" refParamName="" useRefParam="false"/>
				<bool name="bUseSkillLevel" value="false" refParamName="" useRefParam="false"/>
				<int name="changeSkillID4Probability" value="100" refParamName="" useRefParam="false"/>
				<int name="recoverSkillID" value="17110" refParamName="" useRefParam="false"/>
				<bool name="bCheckCondition" value="false" refParamName="" useRefParam="false"/>
				<bool name="bOvertimeCD" value="false" refParamName="" useRefParam="false"/>
				<bool name="bSendEvent" value="false" refParamName="" useRefParam="false"/>
				<bool name="bAbort" value="false" refParamName="" useRefParam="false"/>
				<bool name="bUseStop" value="true" refParamName="" useRefParam="false"/>
				<TemplateObject name="attackTargetId" objectName="None" id="-1" isTemp="false" refParamName="" useRefParam="false"/>
				<bool name="unIntiSkillSlotIfSkillIDNULL" value="false" refParamName="" useRefParam="false"/>
				<Enum name="refSkillSlot" value="1" refParamName="" useRefParam="false">
					<uint name="普攻"/>
					<uint name="技能1"/>
					<uint name="技能2"/>
					<uint name="技能3"/>
					<uint name="技能4"/>
					<uint name="天赋技能"/>
					<uint name="回城"/>
					<uint name="饰品栏技能"/>
					<uint name=""/>
				</Enum>
				<int name="level0Id" value="0" refParamName="" useRefParam="false"/>
				<int name="level1Id" value="0" refParamName="" useRefParam="false"/>
				<int name="level2Id" value="0" refParamName="" useRefParam="false"/>
				<int name="level3Id" value="0" refParamName="" useRefParam="false"/>
				<int name="level4Id" value="0" refParamName="" useRefParam="false"/>
				<int name="level5Id" value="0" refParamName="" useRefParam="false"/>
				<int name="level6Id" value="0" refParamName="" useRefParam="false"/>
				<bool name="bOtherSkillAbort" value="false" refParamName="" useRefParam="false"/>
			</Event>
		</Track>
		<Track trackName="ChangeSkillTriggerTick0" eventType="ChangeSkillTriggerTick" guid="a04948d7-5db6-45e7-bbe6-3e4b21f7c635" enabled="true" refParamName="" useRefParam="false" r="0.117" g="0.000" b="1.000" execOnForceStopped="false" execOnActionCompleted="false" stopAfterLastEvent="true">
			<Event eventName="ChangeSkillTriggerTick" time="0.600" isDuration="false">
				<TemplateObject name="targetId" objectName="self" id="0" isTemp="false" refParamName="" useRefParam="false"/>
				<bool name="bCurrentSkill" value="false" refParamName="" useRefParam="false"/>
				<Enum name="slotType" value="2" refParamName="" useRefParam="false">
					<uint name="普通"/>
					<uint name="技能1"/>
					<uint name="技能2"/>
					<uint name="技能3"/>
					<uint name="技能4"/>
				</Enum>
				<int name="effectTime" value="15050" refParamName="" useRefParam="false"/>
				<int name="changeSkillID" value="17121" refParamName="" useRefParam="false"/>
				<int name="changeSkillID2" value="0" refParamName="" useRefParam="false"/>
				<int name="changeSkillID3" value="0" refParamName="" useRefParam="false"/>
				<int name="changeSkillID4" value="0" refParamName="" useRefParam="false"/>
				<bool name="bUseCombo" value="true" refParamName="" useRefParam="false"/>
				<int name="changeSkillID1Probability" value="100" refParamName="" useRefParam="false"/>
				<int name="changeSkillID2Probability" value="100" refParamName="" useRefParam="false"/>
				<int name="changeSkillID3Probability" value="100" refParamName="" useRefParam="false"/>
				<bool name="bUseSkillLevel" value="false" refParamName="" useRefParam="false"/>
				<int name="changeSkillID4Probability" value="100" refParamName="" useRefParam="false"/>
				<int name="recoverSkillID" value="17120" refParamName="" useRefParam="false"/>
				<bool name="bCheckCondition" value="false" refParamName="" useRefParam="false"/>
				<bool name="bOvertimeCD" value="false" refParamName="" useRefParam="false"/>
				<bool name="bSendEvent" value="false" refParamName="" useRefParam="false"/>
				<bool name="bAbort" value="false" refParamName="" useRefParam="false"/>
				<bool name="bUseStop" value="true" refParamName="" useRefParam="false"/>
				<TemplateObject name="attackTargetId" objectName="None" id="-1" isTemp="false" refParamName="" useRefParam="false"/>
				<bool name="unIntiSkillSlotIfSkillIDNULL" value="false" refParamName="" useRefParam="false"/>
				<Enum name="refSkillSlot" value="1" refParamName="" useRefParam="false">
					<uint name="普攻"/>
					<uint name="技能1"/>
					<uint name="技能2"/>
					<uint name="技能3"/>
					<uint name="技能4"/>
					<uint name="天赋技能"/>
					<uint name="回城"/>
					<uint name="饰品栏技能"/>
					<uint name=""/>
				</Enum>
				<int name="level0Id" value="0" refParamName="" useRefParam="false"/>
				<int name="level1Id" value="0" refParamName="" useRefParam="false"/>
				<int name="level2Id" value="0" refParamName="" useRefParam="false"/>
				<int name="level3Id" value="0" refParamName="" useRefParam="false"/>
				<int name="level4Id" value="0" refParamName="" useRefParam="false"/>
				<int name="level5Id" value="0" refParamName="" useRefParam="false"/>
				<int name="level6Id" value="0" refParamName="" useRefParam="false"/>
				<bool name="bOtherSkillAbort" value="false" refParamName="" useRefParam="false"/>
			</Event>
		</Track>
		<Track trackName="ForbidAbilityDuration0" eventType="ForbidAbilityDuration" guid="ab231c5e-cdf0-4ce5-b380-541b0c32629a" enabled="true" refParamName="" useRefParam="false" r="0.650" g="1.000" b="0.000" execOnForceStopped="false" execOnActionCompleted="false" stopAfterLastEvent="true">
			<Event eventName="ForbidAbilityDuration" time="14.700" length="0.300" isDuration="true">
				<TemplateObject name="attackerId" objectName="self" id="0" isTemp="false" refParamName="" useRefParam="false"/>
				<bool name="forbidMove" value="false" refParamName="" useRefParam="false"/>
				<bool name="forbidSkill" value="true" refParamName="" useRefParam="false"/>
				<bool name="forceForbidding" value="false" refParamName="" useRefParam="false"/>
				<bool name="forbidSkillAndHideBtn" value="false" refParamName="" useRefParam="false"/>
				<bool name="forbidFilterSkill0" value="false" refParamName="" useRefParam="false"/>
				<bool name="forbidFilterSkill1" value="false" refParamName="" useRefParam="false"/>
				<bool name="forbidFilterSkill2" value="false" refParamName="" useRefParam="false"/>
				<bool name="forbidFilterSkill3" value="false" refParamName="" useRefParam="false"/>
				<bool name="forbidFilterSkill4" value="false" refParamName="" useRefParam="false"/>
				<bool name="forbidFilterSkill5" value="false" refParamName="" useRefParam="false"/>
				<bool name="forbidFilterSkill6" value="false" refParamName="" useRefParam="false"/>
				<bool name="forbidFilterSkill7" value="false" refParamName="" useRefParam="false"/>
				<bool name="forbidFilterSkill8" value="false" refParamName="" useRefParam="false"/>
				<bool name="forbidFilterSkill9" value="false" refParamName="" useRefParam="false"/>
				<bool name="forbidFilterSkill10" value="false" refParamName="" useRefParam="false"/>
				<bool name="forbidFilterSkill11" value="false" refParamName="" useRefParam="false"/>
				<bool name="forbidFilterSummonerSkill" value="false" refParamName="" useRefParam="false"/>
				<bool name="forbidFilterMapSkill" value="false" refParamName="" useRefParam="false"/>
				<bool name="forbidFilterEquipActiveSkill" value="false" refParamName="" useRefParam="false"/>
				<bool name="forbidFilterActiveSkill" value="false" refParamName="" useRefParam="false"/>
				<bool name="forbidSkillAbort" value="false" refParamName="" useRefParam="false"/>
				<bool name="abortFilterSkill0" value="false" refParamName="" useRefParam="false"/>
				<bool name="abortFilterSkill1" value="false" refParamName="" useRefParam="false"/>
				<bool name="abortFilterSkill2" value="false" refParamName="" useRefParam="false"/>
				<bool name="abortFilterSkill3" value="false" refParamName="" useRefParam="false"/>
				<bool name="abortFilterSkill4" value="false" refParamName="" useRefParam="false"/>
				<bool name="abortFilterSkill5" value="false" refParamName="" useRefParam="false"/>
				<bool name="abortFilterSkill7" value="false" refParamName="" useRefParam="false"/>
				<bool name="abortFilterSkill8" value="false" refParamName="" useRefParam="false"/>
				<bool name="abortFilterSkill9" value="false" refParamName="" useRefParam="false"/>
				<bool name="abortFilterSkill10" value="false" refParamName="" useRefParam="false"/>
				<bool name="abortFilterSkill11" value="false" refParamName="" useRefParam="false"/>
				<bool name="abortFilterMove" value="false" refParamName="" useRefParam="false"/>
				<bool name="abortFilterDamage" value="false" refParamName="" useRefParam="false"/>
				<bool name="forbidMoveRotate" value="false" refParamName="" useRefParam="false"/>
				<bool name="delaySkillAbort" value="true" refParamName="" useRefParam="false"/>
				<Enum name="protectAbortLevel" value="0" refParamName="" useRefParam="false">
					<uint name="不保护"/>
					<uint name="保护延迟打断"/>
					<uint name="保护强制打断"/>
				</Enum>
				<bool name="ImmuneNegative" value="false" refParamName="" useRefParam="false"/>
				<bool name="ImmuneControl" value="false" refParamName="" useRefParam="false"/>
				<bool name="forbidEnergyRecover" value="false" refParamName="" useRefParam="false"/>
				<bool name="MoveIgnoreObstructArea" value="false" refParamName="" useRefParam="false"/>
				<bool name="ImmuneSkillSelect" value="false" refParamName="" useRefParam="false"/>
				<bool name="forbidCallBoss" value="false" refParamName="" useRefParam="false"/>
				<bool name="bReplaceHPBarImmuneSelect" value="false" refParamName="" useRefParam="false"/>
				<bool name="forbidExtraBtnSlot1" value="false" refParamName="" useRefParam="false"/>
				<bool name="forbidCollisionDetection" value="false" refParamName="" useRefParam="false"/>
				<bool name="bForceClearSkillIndicator" value="false" refParamName="" useRefParam="false"/>
			</Event>
		</Track>
		<Track trackName="PlayAnimDuration0" eventType="PlayAnimDuration" guid="5e2a3a78-c408-49a8-b11e-2392d4c47ba3" enabled="true" refParamName="" useRefParam="false" r="1.000" g="0.833" b="0.000" execOnForceStopped="false" execOnActionCompleted="false" stopAfterLastEvent="true">
			<Event eventName="PlayAnimDuration" time="14.100" length="0.900" isDuration="true">
				<TemplateObject name="targetId" objectName="self" id="0" isTemp="false" refParamName="" useRefParam="false"/>
				<String name="clipName" value="Spell3_1" refParamName="" useRefParam="false"/>
				<bool name="bDontReplaceSameAnim" value="false" refParamName="" useRefParam="false"/>
				<int name="layer" value="2" refParamName="" useRefParam="false"/>
				<int name="subLayer" value="0" refParamName="" useRefParam="false"/>
				<int name="animatorOverrideLayer" value="-1" refParamName="" useRefParam="false"/>
				<bool name="bLoop" value="false" refParamName="" useRefParam="false"/>
				<float name="crossFadeTime" value="0.100" refParamName="" useRefParam="false"/>
				<bool name="bUseFadeOutTime" value="false" refParamName="" useRefParam="false"/>
				<float name="fadeOutTime" value="0.000" refParamName="" useRefParam="false"/>
				<float name="startTime" value="0.000" refParamName="" useRefParam="false"/>
				<float name="endTime" value="99999.000" refParamName="" useRefParam="false"/>
				<bool name="applyActionSpeed" value="true" refParamName="" useRefParam="false"/>
				<bool name="alwaysAnimate" value="false" refParamName="" useRefParam="false"/>
				<bool name="bKeepOldSpeed" value="false" refParamName="" useRefParam="false"/>
				<bool name="bCanNotBeCulled" value="false" refParamName="" useRefParam="false"/>
				<String name="beginClipName" value="" refParamName="" useRefParam="false"/>
				<bool name="bPlayBeginClipName" value="false" refParamName="" useRefParam="false"/>
				<String name="endClipName" value="" refParamName="" useRefParam="false"/>
				<bool name="bPlayEndClipName" value="false" refParamName="" useRefParam="false"/>
				<bool name="bForcePlay" value="false" refParamName="" useRefParam="false"/>
				<float name="animSpeedRate" value="1.000" refParamName="" useRefParam="false"/>
			</Event>
		</Track>
		<Track trackName="ChangeSkillTriggerTick0" eventType="ChangeSkillTriggerTick" guid="f8f1a30b-73a6-4a4c-a2fd-ae4cd21d670f" enabled="true" refParamName="" useRefParam="false" r="0.550" g="0.000" b="1.000" execOnForceStopped="false" execOnActionCompleted="true" stopAfterLastEvent="true">
			<Event eventName="ChangeSkillTriggerTick" time="0.000" isDuration="false">
				<TemplateObject name="targetId" objectName="self" id="0" isTemp="false" refParamName="" useRefParam="false"/>
				<bool name="bCurrentSkill" value="false" refParamName="" useRefParam="false"/>
				<Enum name="slotType" value="0" refParamName="" useRefParam="false">
					<uint name="普通"/>
					<uint name="技能1"/>
					<uint name="技能2"/>
					<uint name="技能3"/>
					<uint name="技能4"/>
				</Enum>
				<int name="effectTime" value="150000" refParamName="" useRefParam="false"/>
				<int name="changeSkillID" value="17100" refParamName="" useRefParam="false"/>
				<int name="changeSkillID2" value="0" refParamName="" useRefParam="false"/>
				<int name="changeSkillID3" value="0" refParamName="" useRefParam="false"/>
				<int name="changeSkillID4" value="0" refParamName="" useRefParam="false"/>
				<bool name="bUseCombo" value="true" refParamName="" useRefParam="false"/>
				<int name="changeSkillID1Probability" value="100" refParamName="" useRefParam="false"/>
				<int name="changeSkillID2Probability" value="100" refParamName="" useRefParam="false"/>
				<int name="changeSkillID3Probability" value="100" refParamName="" useRefParam="false"/>
				<bool name="bUseSkillLevel" value="false" refParamName="" useRefParam="false"/>
				<int name="changeSkillID4Probability" value="100" refParamName="" useRefParam="false"/>
				<int name="recoverSkillID" value="17100" refParamName="" useRefParam="false"/>
				<bool name="bCheckCondition" value="false" refParamName="" useRefParam="false"/>
				<bool name="bOvertimeCD" value="false" refParamName="" useRefParam="false"/>
				<bool name="bSendEvent" value="false" refParamName="" useRefParam="false"/>
				<bool name="bAbort" value="false" refParamName="" useRefParam="false"/>
				<bool name="bUseStop" value="true" refParamName="" useRefParam="false"/>
				<TemplateObject name="attackTargetId" objectName="None" id="-1" isTemp="false" refParamName="" useRefParam="false"/>
				<bool name="unIntiSkillSlotIfSkillIDNULL" value="false" refParamName="" useRefParam="false"/>
				<Enum name="refSkillSlot" value="1" refParamName="" useRefParam="false">
					<uint name="普攻"/>
					<uint name="技能1"/>
					<uint name="技能2"/>
					<uint name="技能3"/>
					<uint name="技能4"/>
					<uint name="天赋技能"/>
					<uint name="回城"/>
					<uint name="饰品栏技能"/>
					<uint name=""/>
				</Enum>
				<int name="level0Id" value="0" refParamName="" useRefParam="false"/>
				<int name="level1Id" value="0" refParamName="" useRefParam="false"/>
				<int name="level2Id" value="0" refParamName="" useRefParam="false"/>
				<int name="level3Id" value="0" refParamName="" useRefParam="false"/>
				<int name="level4Id" value="0" refParamName="" useRefParam="false"/>
				<int name="level5Id" value="0" refParamName="" useRefParam="false"/>
				<int name="level6Id" value="0" refParamName="" useRefParam="false"/>
				<bool name="bOtherSkillAbort" value="false" refParamName="" useRefParam="false"/>
			</Event>
		</Track>
		<Track trackName="ChangeSkillTriggerTick0" eventType="ChangeSkillTriggerTick" guid="8cf38df3-39df-43ea-92d6-edd838419e4c" enabled="true" refParamName="" useRefParam="false" r="0.267" g="0.000" b="1.000" execOnForceStopped="false" execOnActionCompleted="true" stopAfterLastEvent="true">
			<Event eventName="ChangeSkillTriggerTick" time="0.000" isDuration="false">
				<TemplateObject name="targetId" objectName="self" id="0" isTemp="false" refParamName="" useRefParam="false"/>
				<bool name="bCurrentSkill" value="false" refParamName="" useRefParam="false"/>
				<Enum name="slotType" value="1" refParamName="" useRefParam="false">
					<uint name="普通"/>
					<uint name="技能1"/>
					<uint name="技能2"/>
					<uint name="技能3"/>
					<uint name="技能4"/>
				</Enum>
				<int name="effectTime" value="1500000" refParamName="" useRefParam="false"/>
				<int name="changeSkillID" value="17110" refParamName="" useRefParam="false"/>
				<int name="changeSkillID2" value="0" refParamName="" useRefParam="false"/>
				<int name="changeSkillID3" value="0" refParamName="" useRefParam="false"/>
				<int name="changeSkillID4" value="0" refParamName="" useRefParam="false"/>
				<bool name="bUseCombo" value="true" refParamName="" useRefParam="false"/>
				<int name="changeSkillID1Probability" value="100" refParamName="" useRefParam="false"/>
				<int name="changeSkillID2Probability" value="100" refParamName="" useRefParam="false"/>
				<int name="changeSkillID3Probability" value="100" refParamName="" useRefParam="false"/>
				<bool name="bUseSkillLevel" value="false" refParamName="" useRefParam="false"/>
				<int name="changeSkillID4Probability" value="100" refParamName="" useRefParam="false"/>
				<int name="recoverSkillID" value="17110" refParamName="" useRefParam="false"/>
				<bool name="bCheckCondition" value="false" refParamName="" useRefParam="false"/>
				<bool name="bOvertimeCD" value="false" refParamName="" useRefParam="false"/>
				<bool name="bSendEvent" value="false" refParamName="" useRefParam="false"/>
				<bool name="bAbort" value="false" refParamName="" useRefParam="false"/>
				<bool name="bUseStop" value="true" refParamName="" useRefParam="false"/>
				<TemplateObject name="attackTargetId" objectName="None" id="-1" isTemp="false" refParamName="" useRefParam="false"/>
				<bool name="unIntiSkillSlotIfSkillIDNULL" value="false" refParamName="" useRefParam="false"/>
				<Enum name="refSkillSlot" value="1" refParamName="" useRefParam="false">
					<uint name="普攻"/>
					<uint name="技能1"/>
					<uint name="技能2"/>
					<uint name="技能3"/>
					<uint name="技能4"/>
					<uint name="天赋技能"/>
					<uint name="回城"/>
					<uint name="饰品栏技能"/>
					<uint name=""/>
				</Enum>
				<int name="level0Id" value="0" refParamName="" useRefParam="false"/>
				<int name="level1Id" value="0" refParamName="" useRefParam="false"/>
				<int name="level2Id" value="0" refParamName="" useRefParam="false"/>
				<int name="level3Id" value="0" refParamName="" useRefParam="false"/>
				<int name="level4Id" value="0" refParamName="" useRefParam="false"/>
				<int name="level5Id" value="0" refParamName="" useRefParam="false"/>
				<int name="level6Id" value="0" refParamName="" useRefParam="false"/>
				<bool name="bOtherSkillAbort" value="false" refParamName="" useRefParam="false"/>
			</Event>
		</Track>
		<Track trackName="ChangeSkillTriggerTick0" eventType="ChangeSkillTriggerTick" guid="77681aa6-eed8-477c-ab82-4c69ce3f7f2a" enabled="true" refParamName="" useRefParam="false" r="0.617" g="1.000" b="0.000" execOnForceStopped="false" execOnActionCompleted="true" stopAfterLastEvent="true">
			<Event eventName="ChangeSkillTriggerTick" time="0.000" isDuration="false">
				<TemplateObject name="targetId" objectName="self" id="0" isTemp="false" refParamName="" useRefParam="false"/>
				<bool name="bCurrentSkill" value="false" refParamName="" useRefParam="false"/>
				<Enum name="slotType" value="2" refParamName="" useRefParam="false">
					<uint name="普通"/>
					<uint name="技能1"/>
					<uint name="技能2"/>
					<uint name="技能3"/>
					<uint name="技能4"/>
				</Enum>
				<int name="effectTime" value="15000000" refParamName="" useRefParam="false"/>
				<int name="changeSkillID" value="17120" refParamName="" useRefParam="false"/>
				<int name="changeSkillID2" value="0" refParamName="" useRefParam="false"/>
				<int name="changeSkillID3" value="0" refParamName="" useRefParam="false"/>
				<int name="changeSkillID4" value="0" refParamName="" useRefParam="false"/>
				<bool name="bUseCombo" value="true" refParamName="" useRefParam="false"/>
				<int name="changeSkillID1Probability" value="100" refParamName="" useRefParam="false"/>
				<int name="changeSkillID2Probability" value="100" refParamName="" useRefParam="false"/>
				<int name="changeSkillID3Probability" value="100" refParamName="" useRefParam="false"/>
				<bool name="bUseSkillLevel" value="false" refParamName="" useRefParam="false"/>
				<int name="changeSkillID4Probability" value="100" refParamName="" useRefParam="false"/>
				<int name="recoverSkillID" value="17120" refParamName="" useRefParam="false"/>
				<bool name="bCheckCondition" value="false" refParamName="" useRefParam="false"/>
				<bool name="bOvertimeCD" value="false" refParamName="" useRefParam="false"/>
				<bool name="bSendEvent" value="false" refParamName="" useRefParam="false"/>
				<bool name="bAbort" value="false" refParamName="" useRefParam="false"/>
				<bool name="bUseStop" value="true" refParamName="" useRefParam="false"/>
				<TemplateObject name="attackTargetId" objectName="None" id="-1" isTemp="false" refParamName="" useRefParam="false"/>
				<bool name="unIntiSkillSlotIfSkillIDNULL" value="false" refParamName="" useRefParam="false"/>
				<Enum name="refSkillSlot" value="1" refParamName="" useRefParam="false">
					<uint name="普攻"/>
					<uint name="技能1"/>
					<uint name="技能2"/>
					<uint name="技能3"/>
					<uint name="技能4"/>
					<uint name="天赋技能"/>
					<uint name="回城"/>
					<uint name="饰品栏技能"/>
					<uint name=""/>
				</Enum>
				<int name="level0Id" value="0" refParamName="" useRefParam="false"/>
				<int name="level1Id" value="0" refParamName="" useRefParam="false"/>
				<int name="level2Id" value="0" refParamName="" useRefParam="false"/>
				<int name="level3Id" value="0" refParamName="" useRefParam="false"/>
				<int name="level4Id" value="0" refParamName="" useRefParam="false"/>
				<int name="level5Id" value="0" refParamName="" useRefParam="false"/>
				<int name="level6Id" value="0" refParamName="" useRefParam="false"/>
				<bool name="bOtherSkillAbort" value="false" refParamName="" useRefParam="false"/>
			</Event>
		</Track>
		<Track trackName="CheckConditionDuration0" eventType="CheckConditionDuration" guid="cab7ade1-c7be-4d08-8ffc-d886cf8c309c" enabled="true" refParamName="" useRefParam="false" r="0.833" g="1.000" b="0.000" execOnForceStopped="false" execOnActionCompleted="false" stopAfterLastEvent="true">
			<Event eventName="CheckConditionDuration" time="14.994" length="0.106" isDuration="true">
				<TrackObject name="trackId" id="-1" guid="00000000-0000-0000-0000-000000000000" refParamName="" useRefParam="false"/>
				<bool name="bHitTargetHero" value="false" refParamName="" useRefParam="false"/>
				<bool name="bTriggerBullet" value="false" refParamName="" useRefParam="false"/>
				<TemplateObject name="targetId" objectName="self" id="0" isTemp="false" refParamName="" useRefParam="false"/>
				<bool name="bActorDead" value="false" refParamName="" useRefParam="false"/>
				<bool name="bActorAlive" value="true" refParamName="" useRefParam="false"/>
				<bool name="bActorFlying" value="false" refParamName="" useRefParam="false"/>
				<bool name="bActorBeControled" value="false" refParamName="" useRefParam="false"/>
				<bool name="bActorSlowdown" value="false" refParamName="" useRefParam="false"/>
				<bool name="bActorInBattle" value="false" refParamName="" useRefParam="false"/>
				<bool name="bActorExitBattle" value="false" refParamName="" useRefParam="false"/>
				<bool name="bActorInAttack" value="false" refParamName="" useRefParam="false"/>
				<bool name="bActorExitAttack" value="false" refParamName="" useRefParam="false"/>
				<bool name="bActorImmuControl" value="false" refParamName="" useRefParam="false"/>
				<bool name="bActorNotImmuControl" value="false" refParamName="" useRefParam="false"/>
				<bool name="bActorLowestCoin" value="false" refParamName="" useRefParam="false"/>
				<int name="lowestCoinRank" value="1" refParamName="" useRefParam="false"/>
				<bool name="bActorLowestExp" value="false" refParamName="" useRefParam="false"/>
				<int name="lowestExpRank" value="1" refParamName="" useRefParam="false"/>
				<bool name="bCoinNumCheck" value="false" refParamName="" useRefParam="false"/>
				<Enum name="operatorMethod" value="0" refParamName="" useRefParam="false">
					<uint name="大于"/>
					<uint name="大于等于"/>
					<uint name="等于"/>
					<uint name="小于等于"/>
					<uint name="小于"/>
				</Enum>
				<int name="coinLimit" value="0" refParamName="" useRefParam="false"/>
				<bool name="bActorMoving" value="false" refParamName="" useRefParam="false"/>
				<bool name="bActorNotMoving" value="false" refParamName="" useRefParam="false"/>
				<bool name="bCheckReleaseLeftJoystick" value="false" refParamName="" useRefParam="false"/>
				<bool name="bCheckHudNameType" value="false" refParamName="" useRefParam="false"/>
				<bool name="bDizzy" value="false" refParamName="" useRefParam="false"/>
				<bool name="bHitFly" value="false" refParamName="" useRefParam="false"/>
				<bool name="bSlient" value="false" refParamName="" useRefParam="false"/>
				<bool name="bShapeShift" value="false" refParamName="" useRefParam="false"/>
				<bool name="bFixBody" value="false" refParamName="" useRefParam="false"/>
				<bool name="bRidicule" value="false" refParamName="" useRefParam="false"/>
				<bool name="bSuppress" value="false" refParamName="" useRefParam="false"/>
			</Event>
		</Track>
		<Track trackName="SpawnBulletTick0" eventType="SpawnBulletTick" guid="851b2d59-7663-47d6-8ff7-4fd839919e67" enabled="true" refParamName="" useRefParam="false" r="0.000" g="0.933" b="1.000" execOnForceStopped="false" execOnActionCompleted="false" stopAfterLastEvent="true">
			<Condition id="19" guid="cab7ade1-c7be-4d08-8ffc-d886cf8c309c" status="true"/>
			<Event eventName="SpawnBulletTick" time="0.000" isDuration="false">
				<TemplateObject name="targetId" objectName="self" id="0" isTemp="false" refParamName="" useRefParam="false"/>
				<TemplateObject name="targetPosActorId" objectName="None" id="-1" isTemp="true" refParamName="" useRefParam="false"/>
				<TemplateObject name="referenceObjectId" objectName="None" id="-1" isTemp="false" refParamName="" useRefParam="false"/>
				<bool name="bInheritRefParams" value="false" refParamName="" useRefParam="false"/>
				<String name="ActionName" value="prefab_characters/prefab_hero/171_zhangfei/skill/u1b5" refParamName="" useRefParam="false"/>
				<String name="SpecialActionName" value="" refParamName="" useRefParam="false"/>
				<bool name="bIsUseSpecialActionAsCondi" value="false" refParamName="" useRefParam="false"/>
				<bool name="bDeadRemove" value="true" refParamName="" useRefParam="false"/>
				<bool name="bImmeExcute" value="true" refParamName="" useRefParam="false"/>
				<bool name="bAgeEternal" value="false" refParamName="" useRefParam="false"/>
				<int name="bulletTypeId" value="0" refParamName="" useRefParam="false"/>
				<int name="bulletUpperLimit" value="0" refParamName="" useRefParam="false"/>
				<bool name="bSpawnBounceBullet" value="false" refParamName="" useRefParam="false"/>
				<bool name="bUseIndicatorPos" value="false" refParamName="" useRefParam="false"/>
				<Enum name="bulletSkillType" value="0" refParamName="" useRefParam="false">
					<uint name="默认类型_0"/>
					<uint name="允许特殊打断_1"/>
				</Enum>
				<bool name="bAbort" value="false" refParamName="" useRefParam="false"/>
				<bool name="bDestroyedBySpecialBullet" value="false" refParamName="" useRefParam="false"/>
			</Event>
		</Track>
		<Track trackName="SkillCDTriggerTick0" eventType="SkillCDTriggerTick" guid="390c2baa-57af-48da-9a8f-1e57b3b9612e" enabled="false" refParamName="" useRefParam="false" r="1.000" g="0.000" b="0.017" execOnForceStopped="false" execOnActionCompleted="false" stopAfterLastEvent="true">
			<Event eventName="SkillCDTriggerTick" time="0.000" isDuration="false">
				<TemplateObject name="targetId" objectName="self" id="0" isTemp="false" refParamName="" useRefParam="false"/>
				<bool name="useSlotType" value="false" refParamName="" useRefParam="false"/>
				<Enum name="slotType" value="0" refParamName="" useRefParam="false">
					<uint name="普通"/>
					<uint name="技能1"/>
					<uint name="技能2"/>
					<uint name="技能3"/>
					<uint name="技能4"/>
				</Enum>
				<bool name="forbidTriggerRepeatedly" value="false" refParamName="" useRefParam="false"/>
				<int name="overrideCDValue" value="0" refParamName="" useRefParam="false"/>
				<int name="triggerRatio" value="0" refParamName="" useRefParam="false"/>
			</Event>
		</Track>
		<Track trackName="PlayHeroSoundTick9" eventType="PlayHeroSoundTick" guid="d898b805-4c37-4c57-822d-73217fd69dde" enabled="true" refParamName="" useRefParam="false" r="0.567" g="0.000" b="1.000" execOnForceStopped="false" execOnActionCompleted="false" stopAfterLastEvent="true">
			<Event eventName="PlayHeroSoundTick" time="14.700" isDuration="false">
				<TemplateObject name="targetId" objectName="self" id="0" isTemp="false" refParamName="" useRefParam="false"/>
				<TemplateObject name="sourceId" objectName="None" id="0" isTemp="false" refParamName="" useRefParam="false"/>
				<String name="eventName" value="Play_ZhangFei_Skill_C_End" refParamName="" useRefParam="false"/>
				<bool name="use1P3PSwitch" value="true" refParamName="" useRefParam="false"/>
				<bool name="useSkinSwitch" value="true" refParamName="" useRefParam="false"/>
				<Array name="extraSkinId" refParamName="" useRefParam="false" type="uint"/>
			</Event>
		</Track>
		<Track trackName="PlayHeroSoundTick12" eventType="PlayHeroSoundTick" guid="4aa213cc-368d-4894-98d5-c9b041f05dab" enabled="true" refParamName="" useRefParam="false" r="0.000" g="0.733" b="1.000" execOnForceStopped="false" execOnActionCompleted="false" stopAfterLastEvent="true">
			<Event eventName="PlayHeroSoundTick" time="14.700" isDuration="false">
				<TemplateObject name="targetId" objectName="self" id="0" isTemp="false" refParamName="" useRefParam="false"/>
				<TemplateObject name="sourceId" objectName="None" id="0" isTemp="false" refParamName="" useRefParam="false"/>
				<String name="eventName" value="ZhangFei_Normal" refParamName="" useRefParam="false"/>
				<bool name="use1P3PSwitch" value="true" refParamName="" useRefParam="false"/>
				<bool name="useSkinSwitch" value="true" refParamName="" useRefParam="false"/>
				<Array name="extraSkinId" refParamName="" useRefParam="false" type="uint"/>
			</Event>
		</Track>
		<Track trackName="SkillEnergyCostTriggerTick0" eventType="SkillEnergyCostTriggerTick" guid="990bea4c-97ec-4369-913a-a7a2f69a85ab" enabled="true" refParamName="" useRefParam="false" r="1.000" g="0.183" b="0.000" execOnForceStopped="false" execOnActionCompleted="false" stopAfterLastEvent="true">
			<Event eventName="SkillEnergyCostTriggerTick" time="0.000" isDuration="false">
				<TemplateObject name="targetId" objectName="self" id="0" isTemp="false" refParamName="" useRefParam="false"/>
			</Event>
		</Track>
		<Track trackName="SkillTimerProcessBarDuration7" eventType="SkillTimerProcessBarDuration" guid="df195862-842d-457f-8b50-f70f1ad3884f" enabled="true" refParamName="" useRefParam="false" r="0.000" g="1.000" b="0.050" execOnForceStopped="false" execOnActionCompleted="false" stopAfterLastEvent="true">
			<Event eventName="SkillTimerProcessBarDuration" time="0.000" length="15.000" isDuration="true">
				<TemplateObject name="targetId" objectName="self" id="0" isTemp="false" refParamName="" useRefParam="false"/>
				<Enum name="timerBarStyle" value="0" refParamName="" useRefParam="false">
					<uint name="普通"/>
					<uint name="蓄力"/>
				</Enum>
				<int name="CriticalPointTimePercent" value="0" refParamName="" useRefParam="false"/>
				<bool name="applyActionSpeed" value="false" refParamName="" useRefParam="false"/>
			</Event>
		</Track>
	</Action>
</Project>

