<?xml version="1.0" encoding="utf-8"?>
<Project>
	<TemplateObjectList>
		<TemplateObject objectName="self" id="0" isTemp="false"/>
		<TemplateObject objectName="target" id="1" isTemp="false"/>
	</TemplateObjectList>
	<RefParamList/>
	<Action tag="" length="2.000" loop="false">
		<Track trackName="CollectActorMoveDuration1" eventType="CollectActorMoveDuration" guid="2715138e-7f82-4d97-9355-6ba4786d362b" enabled="true" useRefParam="false" refParamName="" r="0.050" g="1.000" b="0.000" execOnForceStopped="false" execOnActionCompleted="false" stopAfterLastEvent="true">
			<Event eventName="CollectActorMoveDuration" time="0.000" length="2.000" isDuration="true">
				<TemplateObject name="listenTargetId" objectName="self" id="0" isTemp="false" refParamName="" useRefParam="false"/>
				<TemplateObject name="buffTargetId" objectName="self" id="0" isTemp="false" refParamName="" useRefParam="false"/>
				<int name="triggerBuffId" value="507992" refParamName="" useRefParam="false"/>
				<int name="moveThreshold" value="4000" refParamName="" useRefParam="false"/>
			</Event>
		</Track>
	</Action>
</Project>

