﻿<?xml version="1.0" encoding="utf-8"?>
<Project>
  <TemplateObjectList>
    <TemplateObject objectName="self" id="0" isTemp="false" />
    <TemplateObject objectName="target" id="1" isTemp="false" />
    <TemplateObject objectName="bullet" id="2" isTemp="true" />
    <TemplateObject objectName="bullet1" id="3" isTemp="true" />
  </TemplateObjectList>
  <RefParamList>
    <String name="BulletPrefab" value="" refParamName="" useRefParam="false" />
    <Vector3i name="_TargetDir" x="0" y="0" z="0" refParamName="" useRefParam="false" />
    <Vector3i name="_TargetPos" x="0" y="0" z="0" refParamName="" useRefParam="false" />
    <uint name="540a3b1" value="0" refParamName="" useRefParam="false" />
  </RefParamList>
  <Action tag="" length="5.000" loop="false">
    <Track trackName="SpawnLiteObjDuration0" eventType="SpawnLiteObjDuration" guid="c890e4ed-8300-4e21-8d66-757283ec3cc0" enabled="true" refParamName="" useRefParam="false" r="0.417" g="0.000" b="1.000" execOnForceStopped="false" execOnActionCompleted="false" stopAfterLastEvent="true">
      <Event eventName="SpawnLiteObjDuration" time="0.000" length="3.000" isDuration="true">
        <String name="OutputLiteBulletName" value="540a3b1" refParamName="" useRefParam="false" />
        <uint name="ConfigID" value="54000" refParamName="" useRefParam="false" />
        <TemplateObject name="ReferenceID" objectName="攻击者" id="0" isTemp="false" refParamName="" useRefParam="false" />
        <TemplateObject name="TargetID" objectName="target" id="1" isTemp="false" refParamName="" useRefParam="false" />
        <Vector3i name="TargetPos" x="0" y="0" z="0" refParamName="" useRefParam="false" />
        <Vector3i name="TargetDir" x="0" y="0" z="0" refParamName="" useRefParam="false" />
      </Event>
    </Track>
    <Track trackName="HitTriggerTick0" eventType="HitTriggerTick" guid="b0c8405b-3ea3-4669-ae2b-e6248ef7ecb8" enabled="true" refParamName="" useRefParam="false" r="0.317" g="1.000" b="0.000" execOnForceStopped="false" execOnActionCompleted="false" stopAfterLastEvent="true">
      <Condition id="0" guid="c890e4ed-8300-4e21-8d66-757283ec3cc0" status="true" />
      <Event eventName="HitTriggerTick" time="0.000" isDuration="false">
        <TemplateObject name="targetId" objectName="self" id="0" isTemp="false" refParamName="" useRefParam="false" />
        <TemplateObject name="hitTargetId" objectName="target" id="1" isTemp="false" refParamName="" useRefParam="false" />
        <bool name="bInheritRefParams" value="false" refParamName="" useRefParam="false" />
        <TemplateObject name="triggerId" objectName="None" id="-1" isTemp="false" refParamName="" useRefParam="false" />
        <bool name="bulletHit" value="false" refParamName="" useRefParam="false" />
        <TemplateObject name="victimId" objectName="None" id="-1" isTemp="false" refParamName="" useRefParam="false" />
        <bool name="lastHit" value="true" refParamName="" useRefParam="false" />
        <bool name="bSkillCombineChoose" value="false" refParamName="" useRefParam="false" />
        <int name="SelfSkillCombineID_1" value="0" refParamName="" useRefParam="false" />
        <int name="SelfSkillCombineID_2" value="0" refParamName="" useRefParam="false" />
        <int name="SelfSkillCombineID1Probability" value="0" refParamName="" useRefParam="false" />
        <int name="SelfSkillCombineID2Probability" value="0" refParamName="" useRefParam="false" />
        <int name="SelfSkillCombineID3Probability" value="0" refParamName="" useRefParam="false" />
        <int name="SelfSkillCombineID_3" value="0" refParamName="" useRefParam="false" />
        <int name="TargetSkillCombine_1" value="540000" refParamName="" useRefParam="false" />
        <int name="TargetSkillCombine_2" value="0" refParamName="" useRefParam="false" />
        <int name="TargetSkillCombineID1Probability" value="0" refParamName="" useRefParam="false" />
        <int name="TargetSkillCombineID2Probability" value="0" refParamName="" useRefParam="false" />
        <int name="TargetSkillCombineID3Probability" value="0" refParamName="" useRefParam="false" />
        <int name="TargetSkillCombine_3" value="0" refParamName="" useRefParam="false" />
        <bool name="bCheckSkillLevel" value="false" refParamName="" useRefParam="false" />
        <Enum name="refSkillSlot" value="1" refParamName="" useRefParam="false">
          <uint name="普攻" />
          <uint name="技能1" />
          <uint name="技能2" />
          <uint name="技能3" />
          <uint name="技能4" />
          <uint name="天赋技能" />
          <uint name="回城" />
          <uint name="饰品栏技能" />
          <uint name="" />
          <uint name="" />
          <uint name="" />
          <uint name="" />
        </Enum>
        <int name="refSkillLevel" value="0" refParamName="" useRefParam="false" />
        <Enum name="compareOPType" value="3" refParamName="" useRefParam="false">
          <uint name="不比较" />
          <uint name="小于" />
          <uint name="小等于" />
          <uint name="等于" />
          <uint name="大于" />
          <uint name="大等于" />
          <uint name="" />
          <uint name="" />
          <uint name="" />
          <uint name="" />
        </Enum>
        <bool name="bCheckSight" value="false" refParamName="" useRefParam="false" />
        <bool name="bExtraBuff" value="false" refParamName="" useRefParam="false" />
        <bool name="bOverrideParam" value="false" refParamName="" useRefParam="false" />
        <int name="buffOverrideParam1" value="0" refParamName="" useRefParam="false" />
        <int name="buffOverrideParam2" value="0" refParamName="" useRefParam="false" />
        <int name="buffOverrideParam3" value="0" refParamName="" useRefParam="false" />
        <int name="buffOverrideParam4" value="0" refParamName="" useRefParam="false" />
        <int name="buffOverrideParam5" value="0" refParamName="" useRefParam="false" />
        <TemplateObject name="paramTargetId" objectName="None" id="-1" isTemp="false" refParamName="" useRefParam="false" />
        <TemplateObject name="paramTargetId2" objectName="None" id="-1" isTemp="false" refParamName="" useRefParam="false" />
      </Event>
    </Track>
    <Track trackName="HitTriggerTick0" eventType="HitTriggerTick" guid="53a257d2-010a-44f4-bbd0-7d542db0a50b" enabled="false" refParamName="" useRefParam="false" r="0.817" g="1.000" b="0.000" execOnForceStopped="false" execOnActionCompleted="false" stopAfterLastEvent="true">
      <Condition id="2" guid="09805859-49f5-4ed0-8a41-b9b2b75ce864" status="true" />
      <Event eventName="HitTriggerTick" time="0.000" isDuration="false">
        <TemplateObject name="targetId" objectName="self" id="0" isTemp="false" refParamName="" useRefParam="false" />
        <TemplateObject name="hitTargetId" objectName="target" id="1" isTemp="false" refParamName="" useRefParam="false" />
        <bool name="bInheritRefParams" value="false" refParamName="" useRefParam="false" />
        <TemplateObject name="triggerId" objectName="None" id="-1" isTemp="false" refParamName="" useRefParam="false" />
        <bool name="bulletHit" value="false" refParamName="" useRefParam="false" />
        <TemplateObject name="victimId" objectName="None" id="-1" isTemp="false" refParamName="" useRefParam="false" />
        <bool name="lastHit" value="true" refParamName="" useRefParam="false" />
        <bool name="bSkillCombineChoose" value="false" refParamName="" useRefParam="false" />
        <int name="SelfSkillCombineID_1" value="0" refParamName="" useRefParam="false" />
        <int name="SelfSkillCombineID_2" value="0" refParamName="" useRefParam="false" />
        <int name="SelfSkillCombineID1Probability" value="0" refParamName="" useRefParam="false" />
        <int name="SelfSkillCombineID2Probability" value="0" refParamName="" useRefParam="false" />
        <int name="SelfSkillCombineID3Probability" value="0" refParamName="" useRefParam="false" />
        <int name="SelfSkillCombineID_3" value="0" refParamName="" useRefParam="false" />
        <int name="TargetSkillCombine_1" value="540004" refParamName="" useRefParam="false" />
        <int name="TargetSkillCombine_2" value="0" refParamName="" useRefParam="false" />
        <int name="TargetSkillCombineID1Probability" value="0" refParamName="" useRefParam="false" />
        <int name="TargetSkillCombineID2Probability" value="0" refParamName="" useRefParam="false" />
        <int name="TargetSkillCombineID3Probability" value="0" refParamName="" useRefParam="false" />
        <int name="TargetSkillCombine_3" value="0" refParamName="" useRefParam="false" />
        <bool name="bCheckSkillLevel" value="false" refParamName="" useRefParam="false" />
        <Enum name="refSkillSlot" value="1" refParamName="" useRefParam="false">
          <uint name="普攻" />
          <uint name="技能1" />
          <uint name="技能2" />
          <uint name="技能3" />
          <uint name="技能4" />
          <uint name="天赋技能" />
          <uint name="回城" />
          <uint name="饰品栏技能" />
          <uint name="" />
          <uint name="" />
          <uint name="" />
          <uint name="" />
        </Enum>
        <int name="refSkillLevel" value="0" refParamName="" useRefParam="false" />
        <Enum name="compareOPType" value="3" refParamName="" useRefParam="false">
          <uint name="不比较" />
          <uint name="小于" />
          <uint name="小等于" />
          <uint name="等于" />
          <uint name="大于" />
          <uint name="大等于" />
          <uint name="" />
          <uint name="" />
          <uint name="" />
          <uint name="" />
        </Enum>
        <bool name="bCheckSight" value="false" refParamName="" useRefParam="false" />
        <bool name="bExtraBuff" value="false" refParamName="" useRefParam="false" />
        <bool name="bOverrideParam" value="false" refParamName="" useRefParam="false" />
        <int name="buffOverrideParam1" value="0" refParamName="" useRefParam="false" />
        <int name="buffOverrideParam2" value="0" refParamName="" useRefParam="false" />
        <int name="buffOverrideParam3" value="0" refParamName="" useRefParam="false" />
        <int name="buffOverrideParam4" value="0" refParamName="" useRefParam="false" />
        <int name="buffOverrideParam5" value="0" refParamName="" useRefParam="false" />
        <TemplateObject name="paramTargetId" objectName="None" id="-1" isTemp="false" refParamName="" useRefParam="false" />
        <TemplateObject name="paramTargetId2" objectName="None" id="-1" isTemp="false" refParamName="" useRefParam="false" />
      </Event>
    </Track>
    <Track trackName="HitTriggerDuration0" eventType="HitTriggerDuration" guid="edd07a4a-a780-4748-8df7-e6ff9fc52144" enabled="true" refParamName="" useRefParam="false" r="0.000" g="1.000" b="0.317" execOnForceStopped="false" execOnActionCompleted="false" stopAfterLastEvent="true">
      <Condition id="0" guid="c890e4ed-8300-4e21-8d66-757283ec3cc0" status="true" />
      <Event eventName="HitTriggerDuration" time="0.000" length="0.100" isDuration="true">
        <TemplateObject name="triggerId" objectName="target" id="1" isTemp="false" refParamName="" useRefParam="false" />
        <TemplateObject name="attackerId" objectName="self" id="0" isTemp="false" refParamName="" useRefParam="false" />
        <bool name="bInheritRefParams" value="false" refParamName="" useRefParam="false" />
        <int name="triggerInterval" value="30" refParamName="" useRefParam="false" />
        <int name="TriggerActorInterval" value="30" refParamName="" useRefParam="false" />
        <bool name="bFilterEnemy" value="false" refParamName="" useRefParam="false" />
        <bool name="bFilterFriend" value="true" refParamName="" useRefParam="false" />
        <bool name="bFilterCamp" value="false" refParamName="" useRefParam="false" />
        <int name="filterCamp" value="0" refParamName="" useRefParam="false" />
        <bool name="bFilterHero" value="false" refParamName="" useRefParam="false" />
        <bool name="bFileterMonter" value="false" refParamName="" useRefParam="false" />
        <bool name="bFileterOrgan" value="true" refParamName="" useRefParam="false" />
        <bool name="bFilterEye" value="true" refParamName="" useRefParam="false" />
        <bool name="bFilterChest" value="true" refParamName="" useRefParam="false" />
        <bool name="bFilterMyself" value="true" refParamName="" useRefParam="false" />
        <bool name="bFilterDead" value="true" refParamName="" useRefParam="false" />
        <bool name="bFilterHeroPet" value="false" refParamName="" useRefParam="false" />
        <bool name="bFilterDeadControlHero" value="true" refParamName="" useRefParam="false" />
        <bool name="bFilterCurrentTarget" value="false" refParamName="" useRefParam="false" />
        <bool name="bFilterMoveDirection" value="false" refParamName="" useRefParam="false" />
        <int name="Angle" value="-1" refParamName="" useRefParam="false" />
        <bool name="bOnlyOneKillActor" value="false" refParamName="" useRefParam="false" />
        <bool name="bOnlyBigMonster" value="false" refParamName="" useRefParam="false" />
        <bool name="bOnlyMe" value="false" refParamName="" useRefParam="false" />
        <bool name="bOnlyBullet" value="false" refParamName="" useRefParam="false" />
        <TemplateObject name="bulletID" objectName="None" id="-1" isTemp="false" refParamName="" useRefParam="false" />
        <bool name="bFilterCantAttack" value="false" refParamName="" useRefParam="false" />
        <bool name="bFilterSpecialType1" value="true" refParamName="" useRefParam="false" />
        <bool name="bFilterSpecialType2" value="true" refParamName="" useRefParam="false" />
        <bool name="bOnlyBeControledActor" value="false" refParamName="" useRefParam="false" />
        <bool name="bOnlyPet" value="false" refParamName="" useRefParam="false" />
        <bool name="bOnlyAttackerPet" value="false" refParamName="" useRefParam="false" />
        <bool name="bOnlyDeadOrgan" value="false" refParamName="" useRefParam="false" />
        <bool name="bFilterCanntAttackOrgan" value="true" refParamName="" useRefParam="false" />
        <int name="TriggerActorCount" value="1" refParamName="" useRefParam="false" />
        <Enum name="SelectMode" value="0" refParamName="" useRefParam="false">
          <uint name="随机选择" />
          <uint name="血量选择" />
          <uint name="按眼的规则选择" />
          <uint name="距离优先" />
          <uint name="Ad+Ap最大选择" />
          <uint name="优先被控制单位" />
          <uint name="距离最大优先" />
        </Enum>
        <bool name="bIsUnifiedListSelect" value="false" refParamName="" useRefParam="false" />
        <int name="CollideMaxCount" value="1" refParamName="" useRefParam="false" />
        <int name="MaxTriggerCount" value="-1" refParamName="" useRefParam="false" />
        <int name="MaxSelfBuffCount" value="-1" refParamName="" useRefParam="false" />
        <int name="MaxTargetBuffCount" value="-1" refParamName="" useRefParam="false" />
        <bool name="bTotalHitCount" value="false" refParamName="" useRefParam="false" />
        <bool name="bEdgeCheck" value="false" refParamName="" useRefParam="false" />
        <bool name="bExtraBuff" value="false" refParamName="" useRefParam="false" />
        <int name="SelfSkillCombineID_1" value="0" refParamName="" useRefParam="false" />
        <int name="SelfSkillCombineID_2" value="0" refParamName="" useRefParam="false" />
        <int name="SelfSkillCombineID_3" value="0" refParamName="" useRefParam="false" />
        <int name="TargetSkillCombine_1" value="540003" refParamName="" useRefParam="false" />
        <bool name="TargetSkillLeaveRemove_1" value="false" refParamName="" useRefParam="false" />
        <int name="TargetSkillCombine_2" value="0" refParamName="" useRefParam="false" />
        <bool name="TargetSkillLeaveRemove_2" value="false" refParamName="" useRefParam="false" />
        <int name="TargetSkillCombine_3" value="0" refParamName="" useRefParam="false" />
        <bool name="TargetSkillLeaveRemove_3" value="false" refParamName="" useRefParam="false" />
        <bool name="bTriggerBullet" value="false" refParamName="" useRefParam="false" />
        <String name="BulletActionName" value="" refParamName="" useRefParam="false" />
        <bool name="bAgeImmeExcute" value="false" refParamName="" useRefParam="false" />
        <bool name="bUseTriggerObj" value="true" refParamName="" useRefParam="false" />
        <bool name="bForceUseTriggerObj" value="false" refParamName="" useRefParam="false" />
        <bool name="bCheckSight" value="false" refParamName="" useRefParam="false" />
        <bool name="bTriggerMode" value="false" refParamName="" useRefParam="false" />
        <bool name="bTriggerBounceBullet" value="false" refParamName="" useRefParam="false" />
        <bool name="bCheckSkillLevel" value="false" refParamName="" useRefParam="false" />
        <Enum name="refSkillSlot" value="1" refParamName="" useRefParam="false">
          <uint name="普攻" />
          <uint name="技能1" />
          <uint name="技能2" />
          <uint name="技能3" />
          <uint name="技能4" />
          <uint name="天赋技能" />
          <uint name="回城" />
          <uint name="饰品栏技能" />
          <uint name="" />
          <uint name="" />
          <uint name="" />
        </Enum>
        <int name="refSkillLevel" value="0" refParamName="" useRefParam="false" />
        <Enum name="compareOPType" value="3" refParamName="" useRefParam="false">
          <uint name="不比较" />
          <uint name="小于" />
          <uint name="小等于" />
          <uint name="等于" />
          <uint name="大于" />
          <uint name="大等于" />
          <uint name="" />
          <uint name="" />
          <uint name="" />
        </Enum>
        <bool name="bFilterMajorMonster" value="false" refParamName="" useRefParam="false" />
        <bool name="bFilterMinorMonster" value="false" refParamName="" useRefParam="false" />
        <bool name="bFilterSoldier" value="true" refParamName="" useRefParam="false" />
        <bool name="bFilterOtherMonster" value="false" refParamName="" useRefParam="false" />
        <bool name="bAddEffectCount" value="true" refParamName="" useRefParam="false" />
        <bool name="bOverrideParam" value="false" refParamName="" useRefParam="false" />
        <int name="buffOverrideParam1" value="0" refParamName="" useRefParam="false" />
        <int name="buffOverrideParam2" value="0" refParamName="" useRefParam="false" />
        <int name="buffOverrideParam3" value="0" refParamName="" useRefParam="false" />
        <int name="buffOverrideParam4" value="0" refParamName="" useRefParam="false" />
        <int name="buffOverrideParam5" value="0" refParamName="" useRefParam="false" />
      </Event>
    </Track>
    <Track trackName="HitTriggerDuration0" eventType="HitTriggerDuration" guid="d061271b-9bae-4602-8a6a-afadb48385a7" enabled="true" refParamName="" useRefParam="false" r="0.383" g="1.000" b="0.000" execOnForceStopped="false" execOnActionCompleted="false" stopAfterLastEvent="true">
      <Condition id="0" guid="c890e4ed-8300-4e21-8d66-757283ec3cc0" status="true" />
      <Event eventName="HitTriggerDuration" time="0.000" length="0.100" isDuration="true">
        <TemplateObject name="triggerId" objectName="target" id="1" isTemp="false" refParamName="" useRefParam="false" />
        <TemplateObject name="attackerId" objectName="self" id="0" isTemp="false" refParamName="" useRefParam="false" />
        <bool name="bInheritRefParams" value="false" refParamName="" useRefParam="false" />
        <int name="triggerInterval" value="30" refParamName="" useRefParam="false" />
        <int name="TriggerActorInterval" value="30" refParamName="" useRefParam="false" />
        <bool name="bFilterEnemy" value="false" refParamName="" useRefParam="false" />
        <bool name="bFilterFriend" value="true" refParamName="" useRefParam="false" />
        <bool name="bFilterCamp" value="false" refParamName="" useRefParam="false" />
        <int name="filterCamp" value="0" refParamName="" useRefParam="false" />
        <bool name="bFilterHero" value="false" refParamName="" useRefParam="false" />
        <bool name="bFileterMonter" value="false" refParamName="" useRefParam="false" />
        <bool name="bFileterOrgan" value="true" refParamName="" useRefParam="false" />
        <bool name="bFilterEye" value="true" refParamName="" useRefParam="false" />
        <bool name="bFilterChest" value="true" refParamName="" useRefParam="false" />
        <bool name="bFilterMyself" value="true" refParamName="" useRefParam="false" />
        <bool name="bFilterDead" value="true" refParamName="" useRefParam="false" />
        <bool name="bFilterHeroPet" value="false" refParamName="" useRefParam="false" />
        <bool name="bFilterDeadControlHero" value="true" refParamName="" useRefParam="false" />
        <bool name="bFilterCurrentTarget" value="false" refParamName="" useRefParam="false" />
        <bool name="bFilterMoveDirection" value="false" refParamName="" useRefParam="false" />
        <int name="Angle" value="-1" refParamName="" useRefParam="false" />
        <bool name="bOnlyOneKillActor" value="false" refParamName="" useRefParam="false" />
        <bool name="bOnlyBigMonster" value="false" refParamName="" useRefParam="false" />
        <bool name="bOnlyMe" value="false" refParamName="" useRefParam="false" />
        <bool name="bOnlyBullet" value="false" refParamName="" useRefParam="false" />
        <TemplateObject name="bulletID" objectName="None" id="-1" isTemp="false" refParamName="" useRefParam="false" />
        <bool name="bFilterCantAttack" value="false" refParamName="" useRefParam="false" />
        <bool name="bFilterSpecialType1" value="true" refParamName="" useRefParam="false" />
        <bool name="bFilterSpecialType2" value="true" refParamName="" useRefParam="false" />
        <bool name="bOnlyBeControledActor" value="false" refParamName="" useRefParam="false" />
        <bool name="bOnlyPet" value="false" refParamName="" useRefParam="false" />
        <bool name="bOnlyAttackerPet" value="false" refParamName="" useRefParam="false" />
        <bool name="bOnlyDeadOrgan" value="false" refParamName="" useRefParam="false" />
        <bool name="bFilterCanntAttackOrgan" value="true" refParamName="" useRefParam="false" />
        <int name="TriggerActorCount" value="1" refParamName="" useRefParam="false" />
        <Enum name="SelectMode" value="0" refParamName="" useRefParam="false">
          <uint name="随机选择" />
          <uint name="血量选择" />
          <uint name="按眼的规则选择" />
          <uint name="距离优先" />
          <uint name="Ad+Ap最大选择" />
          <uint name="优先被控制单位" />
          <uint name="距离最大优先" />
        </Enum>
        <bool name="bIsUnifiedListSelect" value="false" refParamName="" useRefParam="false" />
        <int name="CollideMaxCount" value="1" refParamName="" useRefParam="false" />
        <int name="MaxTriggerCount" value="-1" refParamName="" useRefParam="false" />
        <int name="MaxSelfBuffCount" value="-1" refParamName="" useRefParam="false" />
        <int name="MaxTargetBuffCount" value="-1" refParamName="" useRefParam="false" />
        <bool name="bTotalHitCount" value="false" refParamName="" useRefParam="false" />
        <bool name="bEdgeCheck" value="false" refParamName="" useRefParam="false" />
        <bool name="bExtraBuff" value="false" refParamName="" useRefParam="false" />
        <int name="SelfSkillCombineID_1" value="0" refParamName="" useRefParam="false" />
        <int name="SelfSkillCombineID_2" value="0" refParamName="" useRefParam="false" />
        <int name="SelfSkillCombineID_3" value="0" refParamName="" useRefParam="false" />
        <int name="TargetSkillCombine_1" value="540004" refParamName="" useRefParam="false" />
        <bool name="TargetSkillLeaveRemove_1" value="false" refParamName="" useRefParam="false" />
        <int name="TargetSkillCombine_2" value="0" refParamName="" useRefParam="false" />
        <bool name="TargetSkillLeaveRemove_2" value="false" refParamName="" useRefParam="false" />
        <int name="TargetSkillCombine_3" value="0" refParamName="" useRefParam="false" />
        <bool name="TargetSkillLeaveRemove_3" value="false" refParamName="" useRefParam="false" />
        <bool name="bTriggerBullet" value="false" refParamName="" useRefParam="false" />
        <String name="BulletActionName" value="" refParamName="" useRefParam="false" />
        <bool name="bAgeImmeExcute" value="false" refParamName="" useRefParam="false" />
        <bool name="bUseTriggerObj" value="true" refParamName="" useRefParam="false" />
        <bool name="bForceUseTriggerObj" value="false" refParamName="" useRefParam="false" />
        <bool name="bCheckSight" value="false" refParamName="" useRefParam="false" />
        <bool name="bTriggerMode" value="false" refParamName="" useRefParam="false" />
        <bool name="bTriggerBounceBullet" value="false" refParamName="" useRefParam="false" />
        <bool name="bCheckSkillLevel" value="false" refParamName="" useRefParam="false" />
        <Enum name="refSkillSlot" value="1" refParamName="" useRefParam="false">
          <uint name="普攻" />
          <uint name="技能1" />
          <uint name="技能2" />
          <uint name="技能3" />
          <uint name="技能4" />
          <uint name="天赋技能" />
          <uint name="回城" />
          <uint name="饰品栏技能" />
          <uint name="" />
          <uint name="" />
          <uint name="" />
        </Enum>
        <int name="refSkillLevel" value="0" refParamName="" useRefParam="false" />
        <Enum name="compareOPType" value="3" refParamName="" useRefParam="false">
          <uint name="不比较" />
          <uint name="小于" />
          <uint name="小等于" />
          <uint name="等于" />
          <uint name="大于" />
          <uint name="大等于" />
          <uint name="" />
          <uint name="" />
          <uint name="" />
        </Enum>
        <bool name="bFilterMajorMonster" value="false" refParamName="" useRefParam="false" />
        <bool name="bFilterMinorMonster" value="false" refParamName="" useRefParam="false" />
        <bool name="bFilterSoldier" value="false" refParamName="" useRefParam="false" />
        <bool name="bFilterOtherMonster" value="false" refParamName="" useRefParam="false" />
        <bool name="bAddEffectCount" value="true" refParamName="" useRefParam="false" />
        <bool name="bOverrideParam" value="false" refParamName="" useRefParam="false" />
        <int name="buffOverrideParam1" value="0" refParamName="" useRefParam="false" />
        <int name="buffOverrideParam2" value="0" refParamName="" useRefParam="false" />
        <int name="buffOverrideParam3" value="0" refParamName="" useRefParam="false" />
        <int name="buffOverrideParam4" value="0" refParamName="" useRefParam="false" />
        <int name="buffOverrideParam5" value="0" refParamName="" useRefParam="false" />
      </Event>
    </Track>
    <Track trackName="StopTrack1" eventType="StopTrack" guid="4ce273d3-51d6-4fe0-8fbe-1ff46fefa576" enabled="true" refParamName="" useRefParam="false" r="0.100" g="1.000" b="0.000" execOnForceStopped="false" execOnActionCompleted="false" stopAfterLastEvent="true">
      <Condition id="0" guid="c890e4ed-8300-4e21-8d66-757283ec3cc0" status="true" />
      <Event eventName="StopTrack" time="0.000" isDuration="false">
        <TrackObject name="trackId" id="0" guid="c890e4ed-8300-4e21-8d66-757283ec3cc0" refParamName="" useRefParam="false" />
        <bool name="alsoStopNotStartedTrack" value="false" refParamName="" useRefParam="false" />
      </Event>
    </Track>
    <Track trackName="PlayHeroSoundTick0" eventType="PlayHeroSoundTick" guid="dd2a2ff1-853d-473e-8db6-92f45e8eeecd" enabled="true" refParamName="" useRefParam="false" r="0.500" g="1.000" b="0.000" execOnForceStopped="false" execOnActionCompleted="false" stopAfterLastEvent="true">
      <Event eventName="PlayHeroSoundTick" time="0.000" isDuration="false">
        <TemplateObject name="targetId" objectName="self" id="0" isTemp="false" refParamName="" useRefParam="false" />
        <TemplateObject name="sourceId" objectName="self" id="0" isTemp="false" refParamName="" useRefParam="false" />
        <String name="eventName" value="" refParamName="" useRefParam="false" />
        <bool name="use1P3PSwitch" value="true" refParamName="" useRefParam="false" />
        <bool name="useSkinSwitch" value="true" refParamName="" useRefParam="false" />
        <Array name="extraSkinId" refParamName="" useRefParam="false" type="uint" />
      </Event>
    </Track>
  </Action>
</Project>