﻿<?xml version="1.0" encoding="utf-8"?>
<Project>
	<TemplateObjectList>
		<TemplateObject objectName="self" id="0" isTemp="false" />
		<TemplateObject objectName="target" id="1" isTemp="false" />
		<TemplateObject objectName="bullet" id="2" isTemp="true" />
	</TemplateObjectList>
	<RefParamList />
	<Action tag="" length="4.000" loop="false">
		<Track trackName="FilterTargetType1" eventType="FilterTargetType" guid="6bf4fc9f-3c30-487b-a1c5-91545cf4a317" enabled="true" useRefParam="false" refParamName="" r="0.800" g="0.000" b="1.000" execOnForceStopped="false" execOnActionCompleted="false" stopAfterLastEvent="true">
			<Event eventName="FilterTargetType" time="0.000" isDuration="false">
				<TemplateObject name="targetId" objectName="self" id="0" isTemp="false" refParamName="" useRefParam="false" />
				<bool name="bFilterHero" value="false" refParamName="" useRefParam="false" />
				<bool name="bFilterCallActor" value="false" refParamName="" useRefParam="false" />
				<bool name="bFilterMonsterNonAdvanced" value="false" refParamName="" useRefParam="false" />
				<bool name="bFilterMonsterAdvanced" value="false" refParamName="" useRefParam="false" />
				<bool name="bFilterMonsterSoldier" value="false" refParamName="" useRefParam="false" />
				<bool name="bFilterMonsterCreep" value="false" refParamName="" useRefParam="false" />
				<bool name="bFilterMonsterBoss" value="false" refParamName="" useRefParam="false" />
				<bool name="bFilterOrgan" value="false" refParamName="" useRefParam="false" />
				<bool name="bFilterEye" value="false" refParamName="" useRefParam="false" />
				<bool name="bFilterSameCamp" value="false" refParamName="" useRefParam="false" />
				<bool name="bFilterDiffCamp" value="true" refParamName="" useRefParam="false" />
				<bool name="bOnlySelf" value="false" refParamName="" useRefParam="false" />
				<bool name="bOnlyHostHero" value="false" refParamName="" useRefParam="false" />
				<bool name="bImmediateRevive" value="false" refParamName="" useRefParam="false" />
				<bool name="bFilterImumuneControl" value="false" refParamName="" useRefParam="false" />
				<bool name="bFindTargetByRotateBodyBullet" value="false" refParamName="" useRefParam="false" />
				<bool name="bFilterOrganSubType" value="false" refParamName="" useRefParam="false" />
				<int name="OrganSubType" value="0" refParamName="" useRefParam="false" />
			</Event>
		</Track>
		<Track trackName="FilterTargetType0" eventType="FilterTargetType" guid="9caa67c7-5749-45fe-a425-89bb732d8d22" enabled="true" useRefParam="false" refParamName="" r="1.000" g="0.933" b="0.000" execOnForceStopped="false" execOnActionCompleted="false" stopAfterLastEvent="true">
			<Event eventName="FilterTargetType" time="0.000" isDuration="false">
				<TemplateObject name="targetId" objectName="self" id="0" isTemp="false" refParamName="" useRefParam="false" />
				<bool name="bFilterHero" value="false" refParamName="" useRefParam="false" />
				<bool name="bFilterCallActor" value="false" refParamName="" useRefParam="false" />
				<bool name="bFilterMonsterNonAdvanced" value="false" refParamName="" useRefParam="false" />
				<bool name="bFilterMonsterAdvanced" value="false" refParamName="" useRefParam="false" />
				<bool name="bFilterMonsterSoldier" value="false" refParamName="" useRefParam="false" />
				<bool name="bFilterMonsterCreep" value="false" refParamName="" useRefParam="false" />
				<bool name="bFilterMonsterBoss" value="false" refParamName="" useRefParam="false" />
				<bool name="bFilterOrgan" value="false" refParamName="" useRefParam="false" />
				<bool name="bFilterEye" value="false" refParamName="" useRefParam="false" />
				<bool name="bFilterSameCamp" value="true" refParamName="" useRefParam="false" />
				<bool name="bFilterDiffCamp" value="false" refParamName="" useRefParam="false" />
				<bool name="bOnlySelf" value="false" refParamName="" useRefParam="false" />
				<bool name="bOnlyHostHero" value="false" refParamName="" useRefParam="false" />
				<bool name="bImmediateRevive" value="false" refParamName="" useRefParam="false" />
				<bool name="bFilterImumuneControl" value="false" refParamName="" useRefParam="false" />
				<bool name="bFindTargetByRotateBodyBullet" value="false" refParamName="" useRefParam="false" />
				<bool name="bFilterOrganSubType" value="false" refParamName="" useRefParam="false" />
				<int name="OrganSubType" value="0" refParamName="" useRefParam="false" />
			</Event>
		</Track>
		<Track trackName="SkillFuncDuration0" eventType="SkillFuncDuration" guid="669da6ea-6044-4414-8963-d8ff46844998" enabled="true" useRefParam="false" refParamName="" r="1.000" g="0.567" b="0.000" execOnForceStopped="false" execOnActionCompleted="false" stopAfterLastEvent="true">
			<Event eventName="SkillFuncDuration" time="0.000" length="4.000" isDuration="true">
				<Enum name="SkillFuncType" value="6" refParamName="" useRefParam="false">
					<uint name="物理伤害" />
					<uint name="法术伤害" />
					<uint name="真实伤害" />
					<uint name="回复生命值" />
					<uint name="增加攻击速度" />
					<uint name="减少攻击速度" />
					<uint name="增加移动速度" />
					<uint name="减少移动速度" />
					<uint name="提高攻击力" />
					<uint name="降低攻击力" />
					<uint name="吸血" />
					<uint name="增加护甲" />
					<uint name="减少护甲" />
					<uint name="增加抗性" />
					<uint name="减少抗性" />
					<uint name="免疫效果" />
					<uint name="减少技能CD" />
					<uint name="增加法术强度" />
					<uint name="减少法术强度" />
					<uint name="增加暴击率" />
					<uint name="减少暴击率" />
					<uint name="增加最大生命" />
					<uint name="减少最大生命" />
					<uint name="增加物理穿透" />
					<uint name="减少物理穿透" />
					<uint name="增加法术穿透" />
					<uint name="减少法术穿透" />
					<uint name="护盾" />
					<uint name="增加技能印记" />
					<uint name="触发技能印记" />
					<uint name="免疫伤害" />
					<uint name="免疫控制" />
					<uint name="迅速复活" />
					<uint name="法球效果" />
					<uint name="驱散效果" />
					<uint name="物理吸血" />
					<uint name="法术吸血" />
					<uint name="伤害免疫率" />
					<uint name="获取视野效果" />
					<uint name="隐身效果" />
					<uint name="伤害输出率效果" />
					<uint name="韧性率效果" />
					<uint name="冷却缩减效果" />
					<uint name="抗暴率效果" />
					<uint name="条件伤害输出率效果" />
					<uint name="忽略RVO" />
					<uint name="生命条件效果" />
					<uint name="更换血条风格" />
					<uint name="目标伤害加成效果" />
					<uint name="击杀经验加成效果" />
					<uint name="增加经验效果" />
					<uint name="受控额外效果" />
					<uint name="免疫暴击效果" />
					<uint name="限制最大伤害效果" />
					<uint name="免疫致命伤害效果" />
					<uint name="改变技能" />
					<uint name="禁用技能" />
					<uint name="改变暴击伤害效果" />
					<uint name="回复能量值" />
					<uint name="改变护甲穿透率" />
					<uint name="改变法术穿透率" />
					<uint name="普攻带法术效果" />
					<uint name="增加法术强度率" />
					<uint name="法术强度增益效果" />
					<uint name="回复增益效果" />
					<uint name="脱离战斗提速效果" />
					<uint name="护盾免疫控制" />
					<uint name="护甲减伤率" />
					<uint name="生命低时额外伤害" />
					<uint name="致盲" />
					<uint name="移除技能效果" />
					<uint name="击杀金币加成效果" />
					<uint name="技能额外伤害效果" />
					<uint name="改变被动技能参数" />
					<uint name="改变狂意值" />
					<uint name="现形效果" />
					<uint name="增加能量值" />
					<uint name="增加怒气值" />
					<uint name="改变法球槽位" />
					<uint name="根据护甲值增加攻击力" />
					<uint name="格挡伤害" />
					<uint name="增大视野半径" />
					<uint name="单个技能吸血" />
					<uint name="反弹伤害" />
					<uint name="伤害触发技能效果" />
					<uint name="减少复活时间" />
					<uint name="增加金钱效果" />
					<uint name="根据额外生命增加攻击力" />
					<uint name="共享免疫控制" />
					<uint name="改变敌方吸血率" />
					<uint name="改变训诫值" />
					<uint name="免疫普攻伤害" />
					<uint name="反击普攻伤害" />
					<uint name="清空能量值" />
					<uint name="改变锐气值" />
					<uint name="共享伤害" />
					<uint name="离开攻击者一定范围后清除BUFF" />
				</Enum>
			</Event>
		</Track>
		<Track trackName="SkillFuncDuration0" eventType="SkillFuncDuration" guid="f322f67d-5357-4888-8f09-5b22f9e51b9d" enabled="true" useRefParam="false" refParamName="" r="0.917" g="0.000" b="1.000" execOnForceStopped="false" execOnActionCompleted="false" stopAfterLastEvent="true">
			<Event eventName="SkillFuncDuration" time="1.000" length="3.000" isDuration="true">
				<Enum name="SkillFuncType" value="39" refParamName="" useRefParam="false">
					<uint name="物理伤害" />
					<uint name="法术伤害" />
					<uint name="真实伤害" />
					<uint name="回复生命值" />
					<uint name="增加攻击速度" />
					<uint name="减少攻击速度" />
					<uint name="增加移动速度" />
					<uint name="减少移动速度" />
					<uint name="提高攻击力" />
					<uint name="降低攻击力" />
					<uint name="吸血" />
					<uint name="增加护甲" />
					<uint name="减少护甲" />
					<uint name="增加抗性" />
					<uint name="减少抗性" />
					<uint name="免疫效果" />
					<uint name="减少技能CD" />
					<uint name="增加法术强度" />
					<uint name="减少法术强度" />
					<uint name="增加暴击率" />
					<uint name="减少暴击率" />
					<uint name="增加最大生命" />
					<uint name="减少最大生命" />
					<uint name="增加物理穿透" />
					<uint name="减少物理穿透" />
					<uint name="增加法术穿透" />
					<uint name="减少法术穿透" />
					<uint name="护盾" />
					<uint name="增加技能印记" />
					<uint name="触发技能印记" />
					<uint name="免疫伤害" />
					<uint name="免疫控制" />
					<uint name="迅速复活" />
					<uint name="法球效果" />
					<uint name="驱散效果" />
					<uint name="物理吸血" />
					<uint name="法术吸血" />
					<uint name="伤害免疫率" />
					<uint name="获取视野效果" />
					<uint name="隐身效果" />
					<uint name="伤害输出率效果" />
					<uint name="韧性率效果" />
					<uint name="冷却缩减效果" />
					<uint name="抗暴率效果" />
					<uint name="条件伤害输出率效果" />
					<uint name="忽略RVO" />
					<uint name="生命条件效果" />
					<uint name="更换血条风格" />
					<uint name="目标伤害加成效果" />
					<uint name="击杀经验加成效果" />
					<uint name="增加经验效果" />
					<uint name="受控额外效果" />
					<uint name="免疫暴击效果" />
					<uint name="限制最大伤害效果" />
					<uint name="免疫致命伤害效果" />
					<uint name="改变技能" />
					<uint name="禁用技能" />
					<uint name="改变暴击伤害效果" />
					<uint name="回复能量值" />
					<uint name="改变护甲穿透率" />
					<uint name="改变法术穿透率" />
					<uint name="普攻带法术效果" />
					<uint name="增加法术强度率" />
					<uint name="法术强度增益效果" />
					<uint name="回复增益效果" />
					<uint name="脱离战斗提速效果" />
					<uint name="护盾免疫控制" />
					<uint name="护甲减伤率" />
					<uint name="生命低时额外伤害" />
					<uint name="致盲" />
					<uint name="移除技能效果" />
					<uint name="击杀金币加成效果" />
					<uint name="技能额外伤害效果" />
					<uint name="改变被动技能参数" />
					<uint name="改变狂意值" />
					<uint name="现形效果" />
					<uint name="增加能量值" />
					<uint name="增加怒气值" />
					<uint name="改变法球槽位" />
					<uint name="根据护甲值增加攻击力" />
					<uint name="格挡伤害" />
					<uint name="增大视野半径" />
					<uint name="单个技能吸血" />
					<uint name="反弹伤害" />
					<uint name="伤害触发技能效果" />
					<uint name="减少复活时间" />
					<uint name="增加金钱效果" />
					<uint name="根据额外生命增加攻击力" />
					<uint name="共享免疫控制" />
					<uint name="改变敌方吸血率" />
					<uint name="改变训诫值" />
					<uint name="免疫普攻伤害" />
					<uint name="反击普攻伤害" />
					<uint name="清空能量值" />
					<uint name="改变锐气值" />
					<uint name="共享伤害" />
					<uint name="离开攻击者一定范围后清除BUFF" />
				</Enum>
			</Event>
		</Track>
		<Track trackName="TriggerParticleTick0" eventType="TriggerParticleTick" guid="eeb8755d-188c-4fc1-b988-da1db205567d" enabled="false" useRefParam="false" refParamName="" r="0.317" g="0.000" b="1.000" execOnForceStopped="false" execOnActionCompleted="false" stopAfterLastEvent="true">
			<Event eventName="TriggerParticleTick" time="1.000" isDuration="false">
				<TemplateObject name="targetId" objectName="self" id="0" isTemp="false" refParamName="" useRefParam="false" />
				<TemplateObject name="objectSpaceId" objectName="self" id="0" isTemp="false" refParamName="" useRefParam="false" />
				<TemplateObject name="VirtualAttachBulletId" objectName="None" id="-1" isTemp="false" refParamName="" useRefParam="false" />
				<String name="resourceName" value="prefab_skill_effects/hero_skill_effects/189_guiguzi/guiguzi_buff02_spell01" refParamName="" useRefParam="false" />
				<float name="lifeTime" value="1.000" refParamName="" useRefParam="false" />
				<String name="bindPointName" value="" refParamName="" useRefParam="false" />
				<Vector3 name="bindPosOffset" x="0.000" y="0.000" z="0.000" refParamName="" useRefParam="false" />
				<EulerAngle name="bindRotOffset" x="0.000" y="0.000" z="0.000" refParamName="" useRefParam="false" />
				<Vector3 name="scaling" x="1.000" y="1.000" z="1.000" refParamName="" useRefParam="false" />
				<bool name="bEnableOptCull" value="true" refParamName="" useRefParam="false" />
				<bool name="enableLayer" value="false" refParamName="" useRefParam="false" />
				<bool name="bBulletPos" value="false" refParamName="" useRefParam="false" />
				<bool name="bBulletDir" value="false" refParamName="" useRefParam="false" />
				<bool name="bBulletMovingDir" value="false" refParamName="" useRefParam="false" />
				<bool name="bBullerPosDir" value="false" refParamName="" useRefParam="false" />
				<bool name="bUseIndicatorDir" value="false" refParamName="" useRefParam="false" />
				<int name="layer" value="0" refParamName="" useRefParam="false" />
				<bool name="enableTag" value="false" refParamName="" useRefParam="false" />
				<String name="tag" value="" refParamName="" useRefParam="false" />
				<bool name="enableMaxLimit" value="false" refParamName="" useRefParam="false" />
				<int name="MaxLimit" value="10" refParamName="" useRefParam="false" />
				<int name="LimitType" value="-1" refParamName="" useRefParam="false" />
				<bool name="applyActionSpeedToParticle" value="false" refParamName="" useRefParam="false" />
				<int name="extend" value="10" refParamName="" useRefParam="false" />
				<bool name="bUseSkin" value="true" refParamName="" useRefParam="false" />
				<int name="particleScaleGrow" value="0" refParamName="" useRefParam="false" />
			</Event>
		</Track>
		<Track trackName="PlayMaterialEffectDuration2" eventType="PlayMaterialEffectDuration" guid="cd66f298-aff4-414f-b21a-9fa307e5d1ca" enabled="true" useRefParam="false" refParamName="" r="1.000" g="0.383" b="0.000" execOnForceStopped="false" execOnActionCompleted="false" stopAfterLastEvent="true">
			<Event eventName="PlayMaterialEffectDuration" time="0.000" length="4.000" isDuration="true">
				<TemplateObject name="targetId" objectName="self" id="0" isTemp="false" refParamName="" useRefParam="false" />
				<Enum name="effectType" value="5" refParamName="" useRefParam="false">
					<uint name="冰冻" />
					<uint name="石化" />
					<uint name="半透明" />
					<uint name="高亮" />
					<uint name="自定义"/>
					<uint name="溶解" />
				</Enum>
				<Vector3 name="highLitColor" x="1.000" y="1.000" z="0.000" refParamName="" useRefParam="false" />
			</Event>
		</Track>
		<Track trackName="SetMaterialParamsDuration0" eventType="SetMaterialParamsDuration" guid="cffae81f-8c3f-4d1b-8844-e9240f04d6e2" enabled="true" useRefParam="false" refParamName="" r="0.000" g="1.000" b="0.700" execOnForceStopped="false" execOnActionCompleted="false" stopAfterLastEvent="true">
			<Condition id="0" guid="6bf4fc9f-3c30-487b-a1c5-91545cf4a317" status="true" />
			<Event eventName="SetMaterialParamsDuration" time="0.000" length="4.000" isDuration="true">
				<TemplateObject name="targetId" objectName="self" id="0" isTemp="false" refParamName="" useRefParam="false" />
				<bool name="enableFade" value="true" refParamName="" useRefParam="false" />
				<float name="FadeTime" value="1.000" refParamName="" useRefParam="false" />
				<String name="materialNamePattern" value="" refParamName="" useRefParam="false" />
				<Array name="paramNames" refParamName="" useRefParam="false" type="String">
					<String value="_Dissolve" />
					<String value="_DissolveAlpha" />
				</Array>
				<Array name="floatValues" refParamName="" useRefParam="false" type="float">
					<float value="0.000" />
					<float value="0.700" />
				</Array>
				<Array name="revertFloatValues" refParamName="" useRefParam="false" type="float">
					<float value="1.500" />
					<float value="1.000" />
				</Array>
			</Event>
		</Track>
		<Track trackName="SetMaterialParamsDuration0" eventType="SetMaterialParamsDuration" guid="6501bd62-a7fb-4d28-9986-ae06f647aece" enabled="true" useRefParam="false" refParamName="" r="0.233" g="0.000" b="1.000" execOnForceStopped="false" execOnActionCompleted="false" stopAfterLastEvent="true">
			<Condition id="1" guid="9caa67c7-5749-45fe-a425-89bb732d8d22" status="true" />
			<Event eventName="SetMaterialParamsDuration" time="0.000" length="4.000" isDuration="true">
				<TemplateObject name="targetId" objectName="self" id="0" isTemp="false" refParamName="" useRefParam="false" />
				<bool name="enableFade" value="true" refParamName="" useRefParam="false" />
				<float name="FadeTime" value="0.500" refParamName="" useRefParam="false" />
				<String name="materialNamePattern" value="" refParamName="" useRefParam="false" />
				<Array name="paramNames" refParamName="" useRefParam="false" type="String">
					<String value="_Dissolve" />
					<String value="_DissolveAlpha" />
				</Array>
				<Array name="floatValues" refParamName="" useRefParam="false" type="float">
					<float value="0.000" />
					<float value="0.400" />
				</Array>
				<Array name="revertFloatValues" refParamName="" useRefParam="false" type="float">
					<float value="1.500" />
					<float value="1.000" />
				</Array>
			</Event>
		</Track>
		<Track trackName="PlayHeroSoundTick0" eventType="PlayHeroSoundTick" guid="18d3e2aa-9e33-47c0-ac0d-2989b0b3812c" enabled="true" useRefParam="false" refParamName="" r="1.000" g="0.000" b="0.367" execOnForceStopped="false" execOnActionCompleted="true" stopAfterLastEvent="true">
			<Event eventName="PlayHeroSoundTick" time="0.000" isDuration="false">
				<TemplateObject name="targetId" objectName="self" id="0" isTemp="false" refParamName="" useRefParam="false" />
				<String name="eventName" value="Play_GuiGuZi_Skill_C_End" refParamName="" useRefParam="false" />
				<String name="eventName2D" value="" refParamName="" useRefParam="false" />
				<bool name="bPlayInvisible" value="false" refParamName="" useRefParam="false" />
			</Event>
		</Track>
	</Action>
</Project>